id,collection,file,title,author,url,backtestable,duplicate_of,assets,archetype,schedule,times,data,lines,sha,status,spec,notes
y2020-001,y2020,2020年度精选策略/01 AdaptiveMA自适应均线 过滤器 期货多品种模型 收益稳定增长.txt,AdaptiveMA自适应均线 过滤器 期货多品种模型 收益稳定增长,,,True,,"stock,futures,etf",futures,daily,"after_close,before_open,open",,333,b6f0aa59289c,todo,,
y2020-002,y2020,2020年度精选策略/02 我好像破解了聚宽擂台排第一的策略？！.txt,【量化课堂】基于协整的搬砖策略,JoinQuant量化课堂,https://www.joinquant.com/post/1810,True,,stock,pairs,bar,,,132,2b33f79f884b,todo,,
y2020-003,y2020,2020年度精选策略/03 机器学习多因子策略.txt,机器学习多因子策略,,,True,,stock,ml,daily,,"valuation,financials,index_members,industry,index_bars",100,23ad08551bc4,todo,,
y2020-004,y2020,2020年度精选策略/04 趋势交易能赚钱吗？商品期货动量效应挖掘初探.txt,趋势交易能赚钱吗？商品期货动量效应挖掘初探,,,True,,"stock,futures,etf",futures,"weekly,daily","after_close,before_open,open",,337,9e908eb6bbb7,todo,,
y2020-005,y2020,2020年度精选策略/05 兄台且慢，去天台排队不如看看这个策略先.txt,兄台且慢，去天台排队不如看看这个策略先,,,True,,"stock,etf",etf_rotation,daily,"after_close,before_open,open","valuation,financials,index_bars",176,f95cea874670,todo,,
y2020-006,y2020,2020年度精选策略/06 为什么股票市值是当前的样子？.txt,【量化课堂】机器学习多因子策略,JoinQuant量化课堂,https://www.joinquant.com/post/10778,True,,stock,ml,daily,,"valuation,financials,index_members,industry,jq_factors,index_bars",119,9014800904ec,todo,,
y2020-007,y2020,2020年度精选策略/07 穿越牛熊基业长青的价值精选策略.txt,穿越牛熊基业长青的价值精选策略,,,True,,stock,value_dividend,monthly,"before_open,open","valuation,financials,index_bars",223,64694755cecf,todo,,
y2020-008,y2020,2020年度精选策略/08 MACD单因子多头策略.txt,MACD单因子多头策略,,,True,,stock,multi_factor,daily,,"valuation,index_members,industry,concept,limit_price,index_bars",452,163e733d286b,todo,,
y2020-009,y2020,2020年度精选策略/09 商品期货 多品种日频双均线模型 作为给入门者的小礼物.txt,商品期货 多品种日频双均线模型 作为给入门者的小礼物,,,True,,"stock,futures,etf",futures,daily,"after_close,before_open,open",,338,f5be7aeb4217,todo,,
y2020-010,y2020,2020年度精选策略/10 追三板策略.txt,追三板策略,,,True,,stock,limit_board,"daily,bar",open,"valuation,limit_price,index_bars",170,c988268118f6,todo,,
y2020-011,y2020,2020年度精选策略/11 酒股地中短线策略.txt,酒股地中短线策略,,,True,,stock,small_cap,daily,every_bar,"valuation,index_members,index_bars",58,29c5f5c71d20,todo,,
y2020-012,y2020,2020年度精选策略/12 【均值回归】基于zscore的均值回归策略（胜率100%）.txt,【均值回归】基于zscore的均值回归策略（胜率100%）,,,True,,stock,other,daily,"08:00,open","index_members,index_bars",83,8c8b306333d5,todo,,
y2020-013,y2020,2020年度精选策略/13 招行_海天配对策略-改进版.txt,招行_海天配对策略（学习招行伊利配对）,维络,https://www.joinquant.com/post/11736,True,,stock,pairs,bar,,,132,a45c22980a6f,todo,,
y2020-014,y2020,2020年度精选策略/14 抗击熊市的中短期低市值策略.txt,抗击熊市的中短期低市值策略,,,True,,stock,small_cap,daily,every_bar,"valuation,index_members,index_bars",57,7c0a0aa7d6bf,todo,,
y2020-015,y2020,2020年度精选策略/15 基于多期限的选股策略（一）.txt,基于多期限的选股策略（一）,,,True,,"stock,etf",etf_rotation,daily,"after_close,before_open,open","index_members,index_bars",224,25860a8cf541,todo,,
y2020-016,y2020,2020年度精选策略/16 投资学作业.txt,投资学作业,,,True,,stock,value_dividend,daily,,"valuation,financials,index_members,industry,concept,limit_price,index_bars",456,e1fbbd95c899,todo,,
y2020-017,y2020,2020年度精选策略/17 商品期货截面动量模型，真的靠谱吗？.txt,商品期货截面动量模型，真的靠谱吗？,,,True,,"stock,futures,etf",futures,"monthly,weekly,daily","after_close,before_open,open",,393,78d73969d658,todo,,
y2020-018,y2020,2020年度精选策略/18 均值回归策略分享.txt,均值回归策略分享,,,True,,"stock,etf",etf_rotation,daily,"after_close,before_open,open",index_bars,380,a9124561fda7,todo,,
y2020-019,y2020,2020年度精选策略/19 招行_海天配对策略（学习招行伊利配对）.txt,【量化课堂】基于协整的搬砖策略,JoinQuant量化课堂,https://www.joinquant.com/post/1810,True,y2020-002,stock,pairs,bar,,,132,4ebf9cd153c6,todo,,
y2020-020,y2020,2020年度精选策略/20 分钟K线数据重构 ATR自适应通道 请高手来迭代.txt,分钟K线数据重构 ATR自适应通道 请高手来迭代,,,True,,"stock,futures,etf",futures,daily,"after_close,before_open,every_bar",minute_bars,466,8d73f8024d21,todo,,
y2020-021,y2020,2020年度精选策略/21 果核量化出品 -- BIAS_QL乖离率策略指数择时1.0.txt,果核量化出品 -- BIAS_QL乖离率策略指数择时1.0,,,True,,stock,index_timing,bar,,,134,72a1f5480128,todo,,
y2020-022,y2020,2020年度精选策略/22 海龟交易法则升级版---（分钟级回测+合约变更移仓）.txt,海龟交易法则升级版---（分钟级回测+合约变更移仓）,,,True,,"stock,futures",index_timing,daily,"before_open,every_bar","minute_bars,index_bars",275,11810a4afb17,todo,,
y2020-023,y2020,2020年度精选策略/23 Principle by Jim Slater 祖鲁法则在A股的实现与改进.txt,Principle by Jim Slater 祖鲁法则在A股的实现与改进,,,True,,stock,value_dividend,bar,,"valuation,financials,index_members,industry,minute_bars,limit_price,index_bars",488,c56fe447b904,todo,,
y2020-024,y2020,2020年度精选策略/24 自选策略1.txt,自选策略1,,,True,,stock,sector_rotation,daily,,"financials,index_members,industry,concept,limit_price,index_bars",454,e084a06b4a8d,todo,,
y2020-025,y2020,2020年度精选策略/25 简单市值轮动策略-学习.txt,简单市值轮动策略-学习,,,True,,stock,small_cap,daily,every_bar,"valuation,index_members,index_bars",69,c1e4da6829f9,todo,,
y2020-026,y2020,2020年度精选策略/26 向导式-1.txt,向导式-1,,,True,,stock,sector_rotation,daily,,"valuation,financials,index_members,industry,concept,limit_price,index_bars",452,297b1d3a3c53,todo,,
y2020-027,y2020,2020年度精选策略/27 RSRS指标择时（30分钟线）.txt,RSRS指标择时（30分钟线）,,,True,,"stock,etf",index_timing,bar,,"minute_bars,index_bars",70,6957167bda89,todo,,
y2020-028,y2020,2020年度精选策略/28 收益策略.txt,收益策略,,,True,y2020-024,stock,sector_rotation,daily,,"valuation,financials,index_members,industry,concept,limit_price,index_bars",457,90dbf95b240f,todo,,
y2020-029,y2020,2020年度精选策略/29 KD指标量化交易策略.txt,KD指标量化交易策略,,,True,,stock,other,daily,"after_close,before_open,open",index_bars,88,aa8145221de0,todo,,
y2020-030,y2020,2020年度精选策略/30 基于LSTM模型预测股票价格走势.txt,基于LSTM模型预测股票价格走势,,,True,,stock,ml,daily,every_bar,index_bars,58,f63f36959526,todo,,
y2020-031,y2020,2020年度精选策略/31 低PB价值投资策略分享.txt,低PB价值投资策略分享,,,True,,stock,value_dividend,daily,,"valuation,financials,index_members,minute_bars,limit_price,index_bars",437,05f04cc15fc9,todo,,
y2020-032,y2020,2020年度精选策略/32 测试策略1.txt,测试策略1,,,True,y2020-024,stock,sector_rotation,daily,,"valuation,financials,index_members,industry,concept,limit_price,index_bars",458,86f8038ccee5,todo,,
y2020-033,y2020,2020年度精选策略/33 买入每个行业市值最大的股票.txt,买入每个行业市值最大的股票,,,True,,"stock,etf",sector_rotation,"daily,bar",,"valuation,financials,industry,minute_bars,dividend,limit_price,index_bars",1056,70726a8f20f2,todo,,
y2020-034,y2020,2020年度精选策略/34 成长策略.txt,成长策略,,,True,y2020-024,stock,sector_rotation,daily,,"valuation,financials,index_members,industry,concept,limit_price,index_bars",456,8dc62f4c61bf,todo,,
y2020-035,y2020,2020年度精选策略/35 投资学作业——简单多因子选股策略.txt,投资学作业——简单多因子选股策略,,,True,y2020-008,stock,multi_factor,daily,,"valuation,financials,index_members,industry,concept,limit_price,index_bars",455,bfd94b2f583c,todo,,
y2020-036,y2020,2020年度精选策略/36 投资学作业——简单多因子选股策略改进.txt,投资学作业——简单多因子选股策略改进,,,True,,stock,multi_factor,daily,,"valuation,financials,index_members,industry,concept,limit_price,index_bars",460,fc668e18a9e9,todo,,
y2020-037,y2020,2020年度精选策略/37 个股止损.txt,个股止损,,,True,y2020-008,stock,sector_rotation,daily,,"valuation,index_members,industry,concept,limit_price,index_bars",452,8c2880477c53,todo,,
y2020-038,y2020,2020年度精选策略/38 一个简单的跟踪聪明钱策略.txt,一个简单的跟踪聪明钱策略,,,True,,stock,northbound,"monthly,bar",14:50,"index_members,minute_bars,limit_price,index_bars",247,7e3525e0702b,todo,,
y2020-039,y2020,2020年度精选策略/39 因子分析——利用JoinQuant因子分析模块选取因子并封装为策略.txt,因子分析——利用JoinQuant因子分析模块选取因子并封装为策略,,,True,,stock,multi_factor,bar,,"index_members,index_bars",47,39ac55654923,todo,,
y2020-040,y2020,2020年度精选策略/40 kdj指标配合accer过滤.txt,kdj指标配合accer过滤,,,True,,stock,index_timing,,,index_bars,95,67de63e130a9,todo,,
y2020-041,y2020,2020年度精选策略/41 多因子模型（三）-交易回测.txt,多因子模型（三）-交易回测,,,True,,stock,multi_factor,bar,,"jq_factors,limit_price,index_bars",94,0b75f6e591c3,todo,,
y2020-042,y2020,2020年度精选策略/42 低估值+TRIX+RSI 低回撤策略.txt,低估值+TRIX+RSI 低回撤策略,,,True,,stock,value_dividend,daily,"after_close,before_open,close-10m","valuation,financials,index_members,index_bars",322,d3ed2317ae68,todo,,
y2020-043,y2020,2020年度精选策略/43 无模型评估的多因子模型.txt,无模型评估的多因子模型,,,True,y2020-003,stock,multi_factor,daily,,"valuation,financials,index_members,industry,index_bars",107,b6aad329e223,todo,,
y2020-044,y2020,2020年度精选策略/44 新手初来，写了一个价值投资策略.txt,新手初来，写了一个价值投资策略,,,True,,stock,value_dividend,daily,,"valuation,financials,index_members,industry,concept,limit_price,index_bars",471,66e4d40146a1,todo,,
y2020-045,y2020,2020年度精选策略/45 布林带策略.txt,布林带策略,,,True,,"stock,etf",etf_rotation,daily,"after_close,before_open,open",index_bars,102,ecd45d44ddc3,todo,,
y2020-046,y2020,2020年度精选策略/46 Get API 新技能，研究中写策略并回测.txt,Get API 新技能，研究中写策略并回测,,,True,,stock,other,bar,,index_bars,185,3d915798aced,todo,,
y2020-047,y2020,2020年度精选策略/47 次新小盘策略.txt,次新小盘策略,,,True,y2020-024,stock,small_cap,daily,,"valuation,financials,index_members,industry,concept,limit_price,index_bars",457,fbeab31fe224,todo,,
y2020-048,y2020,2020年度精选策略/48 再测一支.txt,再测一支,,,True,y2020-040,stock,other,,,index_bars,95,0dd207b35d6f,todo,,
y2020-049,y2020,2020年度精选策略/49 海龟克隆优化.txt,商品期货策略——海龟交易法,ScintiGimcki,https://www.joinquant.com/post/9184,True,,futures,futures,daily,"after_close,before_open,open",,390,629798ca6f85,todo,,
y2020-050,y2020,2020年度精选策略/50 简单配对交易.txt,简单配对交易,,,True,,"stock,etf",pairs,"daily,bar","after_close,before_open,open",index_bars,152,a584076d987f,todo,,
y2020-051,y2020,2020年度精选策略/51 HS300--随机森林拐点识别.txt,二八轮动小市值优化版 v2.0.7 [更新于2016.11.16],Morningstar,https://www.joinquant.com/post/1667,True,,stock,small_cap,bar,,"valuation,financials,minute_bars,limit_price,index_bars",809,2c1ed3678e98,todo,,
y2020-052,y2020,2020年度精选策略/52 布林带1.txt,布林带1,,,True,,"stock,etf",etf_rotation,daily,"after_close,open",index_bars,83,a1da3c4de6b0,todo,,
y2020-053,y2020,2020年度精选策略/53 小市值策略.txt,小市值策略,,,True,y2020-008,stock,small_cap,daily,,"valuation,index_members,industry,concept,limit_price,index_bars",452,a7c69f540307,todo,,
y2020-054,y2020,2020年度精选策略/54 中长线买入卖出点选择.txt,中长线买入卖出点选择,,,True,,stock,index_timing,daily,"after_close,before_open,open","valuation,index_members,limit_price,index_bars",492,4daa624ce92e,todo,,
y2020-055,y2020,2020年度精选策略/55 中小板-中证500配对交易.txt,招行_海天配对策略（学习招行伊利配对）,维络,https://www.joinquant.com/post/11736,True,y2020-013,"stock,etf",pairs,bar,,,132,105e32b965a1,todo,,
y2020-056,y2020,2020年度精选策略/56 爱神的箭放声大哭.txt,爱神的箭放声大哭,,,True,y2020-008,stock,sector_rotation,daily,,"financials,index_members,industry,concept,limit_price,index_bars",452,d55e1f6f5fc5,todo,,
y2020-057,y2020,2020年度精选策略/57 黄泽森策略.txt,黄泽森策略,,,True,y2020-008,stock,value_dividend,daily,,"valuation,financials,index_members,industry,concept,limit_price,index_bars",454,ce385d7d53dd,todo,,
y2020-058,y2020,2020年度精选策略/58 MACD金叉买入，死叉卖出.txt,MACD金叉买入，死叉卖出,,,True,,stock,index_timing,daily,,"valuation,index_members,industry,concept,limit_price,index_bars",462,e88e3b89c971,todo,,
y2020-059,y2020,2020年度精选策略/59 小市值轮动，修改了内容，剔除了停牌股，同时PE要求为正的股票。.txt,【新手入门教程】简单市值轮动策略,JoinQuant-TWist,https://www.joinquant.com/post/6596,True,,stock,small_cap,daily,every_bar,"valuation,index_members,index_bars",59,10f03ad79d65,todo,,
y2020-060,y2020,2020年度精选策略/60 投资期末作业.txt,投资期末作业,,,True,,stock,value_dividend,daily,,"valuation,financials,index_members,industry,concept,limit_price,index_bars",465,dcee9f54e1fb,todo,,
y2020-061,y2020,2020年度精选策略/61 向导式策略生成器生成的成长股精选策略.txt,向导式策略生成器生成的成长股精选策略,,,True,y2020-024,stock,value_dividend,daily,,"valuation,financials,index_members,industry,concept,limit_price,index_bars",455,074c123588cd,todo,,
y2020-062,y2020,2020年度精选策略/62 选股策略.txt,选股策略,,,True,,stock,value_dividend,daily,,"valuation,financials,index_members,industry,concept,limit_price,index_bars",462,b2819e3dbf2a,todo,,
y2020-063,y2020,2020年度精选策略/63 向导式.txt,向导式,,,True,y2020-024,stock,sector_rotation,daily,,"valuation,financials,index_members,industry,concept,limit_price,index_bars",453,c8d78ce1a617,todo,,
y2020-064,y2020,2020年度精选策略/64 12年年化34%，Sharpe1.2，银行股轮动.txt,12年年化34%，Sharpe1.2，银行股轮动,,,True,y2020-008,stock,value_dividend,daily,,"valuation,financials,index_members,industry,concept,limit_price,index_bars",461,a766005f9f77,todo,,
y2020-065,y2020,2020年度精选策略/65 8只基金按PE调仓.txt,低回撤，PE分仓,桑梓,,True,,"stock,etf",etf_rotation,"monthly,bar",open,"valuation,index_members,index_bars",132,07d22feb20ca,todo,,
y2020-066,y2020,2020年度精选策略/66 高于MA10买入低于MA20卖出回测半年收益率20.4%.txt,高于MA10买入低于MA20卖出回测半年收益率20.4%,,,True,,stock,other,bar,,index_bars,50,3756c03bf549,todo,,
y2020-067,y2020,2020年度精选策略/67 多因子回测完整模板（筛选和买卖条件强于‘策略生成器’）.txt,多因子回测完整模板（筛选和买卖条件强于‘策略生成器’）,,,True,,stock,multi_factor,bar,,"valuation,financials,industry,dividend,limit_price,index_bars",257,0d58f32b8506,todo,,
y2020-068,y2020,2020年度精选策略/68 板块轮动不动？.txt,板块轮动不动？,,,True,,stock,sector_rotation,weekly,open,"valuation,industry",196,4e74acb36328,todo,,
y2020-069,y2020,2020年度精选策略/69 阻力支撑相对强度（RSRS）指标择时策略.txt,阻力支撑相对强度（RSRS）指标择时策略,,,True,,"stock,etf",index_timing,bar,,"minute_bars,index_bars",74,25eaaebdc05b,todo,,
y2020-070,y2020,2020年度精选策略/70 蓝筹&均线.txt,蓝筹&均线,,,True,y2020-024,stock,index_timing,daily,,"valuation,financials,index_members,industry,concept,limit_price,index_bars",453,9072438fcfa0,todo,,
y2020-071,y2020,2020年度精选策略/71 【投资学】CAPM单因子回归模型+ROE股票池（含止损）.txt,【投资学】CAPM单因子回归模型+ROE股票池（含止损）,,,True,,stock,value_dividend,"daily,bar",after_close,"financials,index_bars",230,5b13aeab9e2b,todo,,
y2020-072,y2020,2020年度精选策略/72 基金定投-沪深300-5年回测.txt,基金定投-沪深300-5年回测,,,True,,"stock,etf",etf_rotation,"monthly,daily","after_close,every_bar,open","valuation,index_members,index_bars",146,0fa028ab247a,todo,,
y2020-073,y2020,2020年度精选策略/73 跟着港资（北向资金）买A股.txt,跟着港资（北向资金）买A股,,,True,,stock,northbound,bar,,"financials,northbound,minute_bars,limit_price,index_bars",156,39371b0aed25,todo,,
y2020-074,y2020,2020年度精选策略/74 基于沪深300的增强.txt,基于沪深300的增强,,,True,,stock,sector_rotation,daily,,"valuation,financials,index_members,industry,concept,limit_price,index_bars",458,bfa0ffccc28f,todo,,
y2020-075,y2020,2020年度精选策略/75 财务因子策略.txt,财务因子策略,,,True,y2020-008,stock,multi_factor,daily,,"valuation,financials,index_members,industry,concept,limit_price,index_bars",455,10d144491755,todo,,
y2020-076,y2020,2020年度精选策略/76 MACD——大盘择时.txt,MACD——大盘择时,,,True,,stock,index_timing,bar,,,56,73cb07f766bd,todo,,
y2020-077,y2020,2020年度精选策略/77 RSRS大盘择时优化.txt,【量化课堂】RSRS(阻力支撑相对强度)择时策略（下）,JoinQuant量化课堂,https://www.joinquant.com/post/10272,True,,"stock,etf",index_timing,daily,"after_close,before_open,open",index_bars,150,31ac9526acc2,todo,,
y2020-078,y2020,2020年度精选策略/78 GFTD第二版.txt,GFTD第二版,,,True,,stock,other,bar,,index_bars,142,362aeb5f1e7a,todo,,
y2020-079,y2020,2020年度精选策略/79 DMI——大盘择时.txt,DMI——大盘择时,,,True,,stock,index_timing,bar,,,60,4bb68d421966,todo,,
y2020-080,y2020,"2020年度精选策略/80 向导式 价值分析(一),成功避开股灾,大盘震荡跌时小涨.txt","向导式 价值分析(一),成功避开股灾,大盘震荡跌时小涨",,,True,y2020-008,stock,value_dividend,daily,,"valuation,financials,index_members,industry,concept,limit_price,index_bars",455,c6599a94bb68,todo,,
y2020-081,y2020,2020年度精选策略/81 申万行业轮动策略.txt,申万行业轮动策略,,,True,,stock,sector_rotation,daily,"before_open,open","valuation,industry,index_bars",155,5a66e9f97704,todo,,
y2020-082,y2020,2020年度精选策略/82 次新+小市值+KAMA择时 轮动.txt,次新+小市值+KAMA择时 轮动,,,True,,stock,small_cap,"daily,bar",after_close,"valuation,minute_bars,limit_price",148,31857ea8cda0,todo,,
y2020-083,y2020,2020年度精选策略/83 沪深300ETF-1060双均线.txt,沪深300ETF-1060双均线,,,True,,"stock,etf",etf_rotation,daily,,index_bars,41,bcfebe2b1aa6,todo,,
y2020-084,y2020,2020年度精选策略/84 投资策略说明.txt,投资策略说明,,,True,,stock,sector_rotation,daily,,"valuation,financials,index_members,industry,concept,limit_price,index_bars",457,d9b123446e43,todo,,
y2020-085,y2020,2020年度精选策略/85 【第一次玩】我就是要买便宜股系列.txt,【第一次玩】我就是要买便宜股系列,,,True,,stock,value_dividend,monthly,open,"valuation,financials,industry,dividend,index_bars",192,eb71463c23bf,todo,,
y2020-086,y2020,2020年度精选策略/86 5日线穿十日线策略（供初学）.txt,5日线穿十日线策略（供初学）,,,True,,stock,other,bar,,index_bars,40,e98c2d062672,todo,,
y2020-087,y2020,2020年度精选策略/87 选股策略说明——张燕兰 16318320.txt,选股策略说明——张燕兰 16318320,,,True,y2020-062,stock,value_dividend,daily,,"valuation,financials,index_members,industry,concept,limit_price,index_bars",460,266aa8286179,todo,,
y2020-088,y2020,2020年度精选策略/88 一位小白编辑的多因子选股策略.txt,一位小白编辑的多因子选股策略,,,True,y2020-036,stock,multi_factor,daily,,"valuation,financials,index_members,industry,concept,limit_price,index_bars",457,737b58d04a11,todo,,
y2020-089,y2020,2020年度精选策略/89 test1：简单的多均线择时.txt,【简单的多均线择时策略】那个天台排队的孩子，我给你讲个故事,陈小米。,https://www.joinquant.com/post/570,True,,stock,index_timing,bar,,,109,5cdf69c8f179,todo,,
y2020-090,y2020,2020年度精选策略/90 MA均线金叉买入，死叉卖出.txt,MA均线金叉买入，死叉卖出,,,True,y2020-008,stock,index_timing,daily,,"index_members,industry,concept,limit_price,index_bars",454,6fc9055eff11,todo,,
y2020-091,y2020,2020年度精选策略/91 Stoch（KDJ）——大盘择时.txt,Stoch（KDJ）——大盘择时,,,True,,stock,index_timing,bar,,,66,1ce4c83d9bba,todo,,
y2020-092,y2020,2020年度精选策略/92 多因子选股策略.txt,多因子选股策略,,,True,,stock,multi_factor,bar,,"valuation,index_members,index_bars",184,2f7b580a1a98,todo,,
y2020-093,y2020,2020年度精选策略/93 RSRS——大盘择时.txt,【量化课堂】RSRS(阻力支撑相对强度)择时策略（上）,JoinQuant量化课堂,https://www.joinquant.com/post/10246,True,,"stock,etf",index_timing,daily,"after_close,before_open,open",index_bars,141,c3a042b27d66,todo,,
y2020-094,y2020,2020年度精选策略/94 PE和PB策略.txt,PE和PB策略,,,True,y2020-008,stock,sector_rotation,daily,,"valuation,index_members,industry,concept,limit_price,index_bars",453,404615bde6e6,todo,,
y2020-095,y2020,2020年度精选策略/95 资金流策略.txt,资金流策略,,,True,,stock,value_dividend,daily,,"valuation,financials,index_members,industry,concept,limit_price,index_bars",459,384423a965f2,todo,,
y2020-096,y2020,2020年度精选策略/96 沪港两地上市的银行股翻倍策略报告.txt,沪港两地上市的银行股翻倍策略报告,,,True,,stock,other,"monthly,daily",,index_bars,58,2ab340a8bf42,todo,,
y2020-097,y2020,2020年度精选策略/97 银行翻倍策略.txt,银行翻倍策略,,,True,,stock,value_dividend,monthly,,"valuation,financials,index_bars",64,1e5d6e80e5b6,todo,,
y2020-098,y2020,2020年度精选策略/98 机器学习SVM用法示例策略.txt,机器学习SVM用法示例策略,,,True,,stock,ml,weekly,open,,111,7254b16bcb75,todo,,
y2020-099,y2020,2020年度精选策略/99 一个中信证券的向导策略.txt,一个中信证券的向导策略,,,True,y2020-016,stock,sector_rotation,daily,,"valuation,index_members,industry,concept,limit_price,index_bars",461,503f34b4c3c9,todo,,
y2021-000,y2021,"2021年度精选策略/0.回测提速十倍,过滤ST,退市,停牌,新股优化方法.txt","回测提速十倍,过滤ST,退市,停牌,新股优化方法",,,True,,stock,other,bar,,,103,68aecb3161ba,todo,,
y2021-001,y2021,2021年度精选策略/1.龙回头3.0回测速度优化版.txt,龙回头3.0回测速度优化版,一溜烟,https://www.joinquant.com/post/27574,True,,stock,limit_board,bar,,"valuation,billboard,limit_price",342,bfa1e80820ab,todo,,
y2021-010,y2021,2021年度精选策略/10.多因子选股.txt,多因子选股,,,False,,stock,multi_factor,,,"valuation,financials,industry,index_bars",1572,48ae1e45825a,todo,,
y2021-011,y2021,2021年度精选策略/11.多因子选股策略——基于传统分析.txt,多因子选股策略——基于传统分析,,,False,,stock,multi_factor,,,"valuation,financials,industry,index_bars",1171,99a405ef6299,todo,,
y2021-012,y2021,2021年度精选策略/12.机器学习用于量化分析.txt,机器学习用于量化分析,,,False,,stock,ml,,,"valuation,financials,index_members,industry,jq_factors,dividend,index_bars",1104,aaea71f8581f,todo,,
y2021-013,y2021,2021年度精选策略/13.7年40倍，模拟超过两年，年化高回撤低.txt,7年40倍，模拟超过两年，年化高回撤低,quakecat,https://www.joinquant.com/post/30481,True,,stock,small_cap,daily,,"valuation,minute_bars,limit_price,index_bars",241,354510d37f4f,todo,,
y2021-014,y2021,2021年度精选策略/14.FOF养老成长基金-v2.0.txt,FOF养老成长基金-v2.0,富在知足,https://www.joinquant.com/post/24542,True,,"stock,etf",etf_rotation,bar,,"dividend,index_bars",649,c2ef8cbfe247,todo,,
y2021-015,y2021,2021年度精选策略/15.小市值策略之再优化，年化接近翻倍.txt,小市值策略之再优化，年化接近翻倍,仓建右三,https://www.joinquant.com/post/30600,True,,"stock,etf",small_cap,daily,"14:30,14:40,after_close","valuation,index_members,minute_bars,limit_price,index_bars",214,2c22a6de1732,todo,,
y2021-016,y2021,2021年度精选策略/16.缠论工具（笔， 线段）.txt,缠论工具（笔， 线段）,,,False,,stock,other,,,,1888,9565a07a4517,todo,,
y2021-017,y2021,2021年度精选策略/17.基金跟随策略，19年年化60%.txt,基金跟随策略，19年年化60%。,不会卖股票,https://www.joinquant.com/post/23720,True,,stock,etf_rotation,"monthly,daily",,"valuation,financials,index_members,industry,concept,limit_price,index_bars",488,8451752af4e5,todo,,
y2021-018,y2021,2021年度精选策略/18.6年17倍的etf+分级b的轮动趋势策略跟随感悟.txt,6年17倍的etf+分级b的轮动趋势策略跟随感悟,大吃一鲸,https://www.joinquant.com/post/28324,True,,"stock,etf",etf_rotation,daily,"11:30,14:40,before_open",index_bars,249,ea08405b60cd,todo,,
y2021-019,y2021,2021年度精选策略/19.简单到发指的股指策略(2013到现在收益10949%).txt,简单到发指的股指策略(2013到现在收益10949%),资金永不眠,https://www.joinquant.com/post/30480,True,,"stock,futures",futures,daily,"10:00,14:55",index_bars,63,c0102d437625,todo,,
y2021-002,y2021,2021年度精选策略/2.板块轮动打分与热度追踪.txt,板块轮动打分与热度追踪,,,False,,stock,sector_rotation,,,industry,218,309a449f38d0,todo,,
y2021-020,y2021,2021年度精选策略/20.冲天炮最高板策略，收益惊呆了我.txt,冲天炮最高板策略，收益惊呆了我,jqz1226,https://www.joinquant.com/post/29356,True,,stock,limit_board,daily,"before_open,every_bar","limit_price,index_bars",157,dc19dbd84e05,todo,,
y2021-021,y2021,2021年度精选策略/21.策略coding吐槽帖——以“网红”ETF轮动为例.txt,策略coding吐槽帖——以“网红”ETF轮动为例,jqz1226,https://www.joinquant.com/post/24417,True,y2021-018,"stock,etf",etf_rotation,daily,"11:30,14:40,before_open",index_bars,242,f57070e964df,todo,,
y2021-022,y2021,2021年度精选策略/22.“开弓”ETF轮动模型——改.txt,“开弓”ETF轮动模型——改,jqz1226,https://www.joinquant.com/post/24591,True,,"stock,etf",etf_rotation,daily,"10:30,13:00,14:00,14:25,14:30,9:35",index_bars,144,94ebb573284f,todo,,
y2021-023,y2021,2021年度精选策略/23.玩趋势交易的看进来~~~~2.txt,玩趋势交易的看进来~~~~2,,,False,,stock,index_timing,,,,138,d96a5d0826ca,todo,,
y2021-024,y2021,2021年度精选策略/24.现在便宜的300就是最好的，收益惊人！【结束了】.txt,现在便宜的300就是最好的，收益惊人！【结束了】,jqz1226,https://www.joinquant.com/post/29096,True,,"stock,etf",etf_rotation,daily,"14:40,after_close","valuation,index_members,minute_bars,limit_price,index_bars",169,a9f73d1be48a,todo,,
y2021-025,y2021,2021年度精选策略/25.基本不耍六毛的ETF轮动策略.txt,基本不耍六毛的ETF轮动策略,jqz1226,https://www.joinquant.com/post/24432,True,,stock,etf_rotation,"monthly,weekly,daily","11:30,14:40,before_open",index_bars,219,d8741c3c839f,todo,,
y2021-026,y2021,2021年度精选策略/26.稳定高回报周期股策略2.txt,稳定高回报周期股策略2,jqz1226,https://www.joinquant.com/post/23858,True,,stock,other,monthly,9:30,"valuation,financials,index_bars",250,6f46c3e6ed3c,todo,,
y2021-027,y2021,2021年度精选策略/27.基于RSRS的趋势交易与网格交易相结合的尝试.txt,基于RSRS的趋势交易与网格交易相结合的尝试,最爱苹果,https://www.joinquant.com/post/24680,True,,stock,grid,daily,every_bar,"minute_bars,index_bars",149,6626f6142201,todo,,
y2021-028,y2021,2021年度精选策略/28.XGBoost模型多因子策略分享.txt,XGBoost模型多因子策略分享,cgzol,https://www.joinquant.com/post/25313,True,,stock,ml,bar,,"valuation,financials,index_members,industry,jq_factors,minute_bars,dividend,limit_price,index_bars",508,5c2cfbfd2a8c,todo,,
y2021-029,y2021,2021年度精选策略/29.北上资金（北向资金港资外资）因子分析与策略分享.txt,北上资金（北向资金/港资/外资）因子分析与策略分享,cgzol,https://www.joinquant.com/post/25613,True,,stock,northbound,bar,,"financials,index_members,jq_factors,northbound,minute_bars,limit_price,index_bars",218,92f18864f41f,todo,,
y2021-003,y2021,2021年度精选策略/3.一个简单而持续稳定的懒人超额收益策略.txt,一个简单而持续稳定的懒人超额收益策略,Gyro,https://www.joinquant.com/post/30467,True,,stock,other,"monthly,daily",,"index_members,index_bars",56,235e9019e568,todo,,
y2021-030,y2021,2021年度精选策略/30.ETF宽基轮动修改版-1.0.txt,ETF宽基轮动修改版-1.0,几米哥,https://www.joinquant.com/post/29165,True,,"stock,etf",etf_rotation,daily,"10:30,14:30",index_bars,140,6448ae64f034,todo,,
y2021-031,y2021,2021年度精选策略/31.RSRS择时+货币基金--6年8倍行业周期股策略.txt,RSRS择时+货币基金--6年8倍行业周期股策略,南开小楼,https://www.joinquant.com/post/24224,True,,"stock,etf",etf_rotation,"monthly,bar",9:30,"valuation,financials,index_bars",355,10616b089bcd,todo,,
y2021-032,y2021,2021年度精选策略/32.北向资金A股择时策略（5年16倍）.txt,北向资金A股择时策略,量化看市场,https://www.joinquant.com/post/28714,True,,"stock,futures",northbound,daily,"07:00,09:30","financials,northbound,index_bars",115,58bcb4f189e4,todo,,
y2021-033,y2021,2021年度精选策略/33.【研报复现】基于风险溢价的沪深300择时-目前依然有效.txt,【研报复现】基于风险溢价的沪深300择时-目前依然有效,,,False,,"stock,conv_bond",index_timing,,,"valuation,financials,macro,dividend",313,641b21990526,todo,,
y2021-034,y2021,2021年度精选策略/34.套利三年，我的本金翻了10倍.txt,套利三年，我的本金翻了10倍,,,False,,futures,futures,,,,102,19a4d5c7545b,todo,,
y2021-035,y2021,2021年度精选策略/35.精选价值策略.txt,精选价值策略,BAFE,https://www.joinquant.com/post/29574,True,,stock,value_dividend,monthly,"before_open,open","valuation,financials,industry,index_bars",355,4c26a8f0fd82,todo,,
y2021-036,y2021,2021年度精选策略/36.市场底部特征研究.txt,市场底部特征研究,,,False,,stock,other,,,"valuation,northbound,macro,index_bars",969,b35b9e40ac0c,todo,,
y2021-037,y2021,2021年度精选策略/37.处置效应的CGO因子（行为金融学因子）.txt,处置效应的CGO因子（行为金融学因子）,BAFE,https://www.joinquant.com/post/27009,True,,stock,multi_factor,daily,"after_close,before_open,open","valuation,index_members,limit_price,index_bars",255,bdd2afe74b8c,todo,,
y2021-038,y2021,2021年度精选策略/38.python搭建简单交易系统.txt,python搭建简单交易系统,,,True,,"stock,option",value_dividend,bar,,"valuation,financials,minute_bars,index_bars",804,8704b4e44e3b,todo,,
y2021-039,y2021,2021年度精选策略/39.因子分析系列文章（八）：多因子策略（多元线性回归）.txt,因子分析系列文章（八）：多因子策略（多元线性回归）,量化狙击,https://www.joinquant.com/post/25273,True,,stock,multi_factor,bar,,"valuation,financials,index_members,limit_price,index_bars",345,d242862f6ddf,todo,,
y2021-004,y2021,2021年度精选策略/4.红利搬砖，年化29%.txt,红利搬砖,Gyro,https://www.joinquant.com/post/27994,True,,stock,value_dividend,monthly,,"valuation,financials,dividend",91,917e420080be,todo,,
y2021-040,y2021,2021年度精选策略/40.基于遗传算法挖掘因子2.txt,基于遗传算法挖掘因子2,,,False,,stock,multi_factor,,,"index_members,industry,jq_factors",563,77c87a1fb7c8,todo,,
y2021-041,y2021,2021年度精选策略/41.均线黏合，突破前三十个交易日最高点选股法.txt,均线黏合，突破前三十个交易日最高点选股法,fireflytxy,https://www.joinquant.com/post/25698,True,,"stock,etf",index_timing,daily,"09:31,15:00","valuation,financials,index_members,index_bars",265,44e74b2c6f91,todo,,
y2021-042,y2021,2021年度精选策略/42.市值，研发支出，roe，三因子，跑赢大盘.txt,市值，研发支出，roe，三因子，跑赢大盘,zyljq,https://www.joinquant.com/post/28499,True,,"stock,etf",value_dividend,bar,,"valuation,index_members,index_bars",345,41a720e4dfa7,todo,,
y2021-043,y2021,2021年度精选策略/43.ETF资源收集整合（附代码与excel表格）.txt,ETF资源收集整合（附代码与excel表格）,,,False,,"stock,etf",etf_rotation,,,,169,204be735c75c,todo,,
y2021-044,y2021,2021年度精选策略/44.借助JqData搭建简易回测框架.txt,借助JqData搭建简易回测框架,,,False,,stock,grid,,,index_bars,408,9f9d9ec32e4a,todo,,
y2021-045,y2021,2021年度精选策略/45.市场宽度.txt,市场宽度,,,False,,stock,grid,,,"valuation,index_members,industry",99,e849195b0210,todo,,
y2021-046,y2021,2021年度精选策略/46.大盘股也能穿越牛熊市.txt,大盘股也能穿越牛熊市,曹经伟,https://www.joinquant.com/post/29185,True,,stock,sector_rotation,daily,14:30,"valuation,index_members,industry,concept,minute_bars,limit_price,index_bars",561,6264f6506271,todo,,
y2021-047,y2021,2021年度精选策略/47.高收益低回撤的小市值策略.txt,高收益低回撤的小市值策略,曹经伟,https://www.joinquant.com/post/28824,True,,"stock,etf",small_cap,daily,"14:40,after_close","valuation,index_members,minute_bars,limit_price,index_bars",276,fa7649e90213,todo,,
y2021-049,y2021,2021年度精选策略/49.根据北上资金买股票的最佳持股时间探讨.txt,根据北上资金买股票的最佳持股时间探讨,见路不走2019,https://www.joinquant.com/post/24681,True,,stock,northbound,bar,,"valuation,financials,northbound,minute_bars,limit_price,index_bars",172,2edd4281002d,todo,,
y2021-005,y2021,2021年度精选策略/5.价值低波（下）--十年十倍（2020拜年）.txt,价值低波（下）--十年十倍（2020拜年）,Gyro,https://www.joinquant.com/post/25183,True,,stock,value_dividend,daily,"09:00,09:30,15:30","valuation,index_members,index_bars",232,5248f808910f,todo,,
y2021-050,y2021,2021年度精选策略/50.昨日炸板股策略.txt,昨日炸板股策略,WiseFurther,https://www.joinquant.com/post/28789,True,,"stock,etf",etf_rotation,"daily,bar","after_close,before_open","index_members,minute_bars,limit_price,index_bars",223,659859e36cde,todo,,
y2021-051,y2021,2021年度精选策略/51.北上资金持股比选股策略（北向、港资、外资）.txt,北上资金持股比选股策略（北向/港资/外资）,逆熵者,https://www.joinquant.com/post/29535,True,,stock,northbound,"weekly,daily","after_close,open","valuation,financials,index_members,northbound,limit_price,index_bars",200,5c1e9fddfabb,todo,,
y2021-052,y2021,2021年度精选策略/52.根据北上资金买A股策略Python3版（北向、港资、外资）.txt,根据北上资金买A股策略Python3版（北向/港资/外资）,逆熵者,https://www.joinquant.com/post/27792,True,,stock,northbound,daily,,"valuation,financials,northbound,minute_bars,limit_price,index_bars",146,3d55aa41fbe4,todo,,
y2021-053,y2021,2021年度精选策略/53.基于大盘PE标准差偏离度的聪明基金定投策略.txt,基于大盘PE标准差偏离度的聪明基金定投策略,逆熵者,https://www.joinquant.com/post/24679,True,,"stock,etf",etf_rotation,"monthly,weekly,daily","after_close,before_open,open","valuation,financials,macro,index_bars",237,4b49483b6ffd,todo,,
y2021-054,y2021,2021年度精选策略/54.价值投资策略-大盘择时.txt,价值投资策略-大盘择时,叶松,https://www.joinquant.com/post/29173,True,,"stock,etf",value_dividend,"monthly,weekly","14:40,before_open,open","valuation,financials,minute_bars,limit_price,index_bars",401,40c1c2066db8,todo,,
y2021-055,y2021,2021年度精选策略/55.价值投资改进版-6年9.5倍.txt,价值投资改进版-6年9.5倍,叶松,https://www.joinquant.com/post/29038,True,,stock,value_dividend,"monthly,weekly","before_open,open","valuation,financials,index_bars",279,8f65ce22c5c0,todo,,
y2021-056,y2021,2021年度精选策略/56.大盘一路向上时，追总龙头2个月3倍.txt,大盘一路向上时，追总龙头2个月3倍,叶松,https://www.joinquant.com/post/29336,True,,stock,limit_board,"monthly,bar",before_open,"industry,jq_factors,limit_price,index_bars",168,d0e0dff6d879,todo,,
y2021-057,y2021,2021年度精选策略/57.股指期货套利，这段时间都没有交易分享给大家.txt,股指期货套利，这段时间都没有交易分享给大家,节点量化,https://www.joinquant.com/post/29295,True,,"stock,futures",futures,daily,"before_open,every_bar","minute_bars,index_bars",167,c39bab1c0370,todo,,
y2021-058,y2021,2021年度精选策略/58.严格资金管理，股指期货套利.txt,严格资金管理，股指期货套利,节点量化,https://www.joinquant.com/post/26820,True,y2021-057,"stock,futures",futures,daily,"before_open,every_bar","minute_bars,index_bars",167,2083cd4ab47c,todo,,
y2021-059,y2021,2021年度精选策略/59.【复现】RSRS择时改进.txt,【复现】RSRS择时改进,,,False,,stock,index_timing,,,"valuation,index_bars",963,226e1166421e,todo,,
y2021-006,y2021,2021年度精选策略/6.iAlpha 基金投资策略.txt,iAlpha 基金投资策略,Gyro,https://www.joinquant.com/post/30024,False,,"stock,etf",etf_rotation,monthly,,,43,3f2ba65f4b2f,todo,,
y2021-060,y2021,2021年度精选策略/60.【分享】对RSRS模型的一次修改.txt,【分享】对RSRS模型的一次修改,,,False,,stock,index_timing,,,,394,d4634bda56ab,todo,,
y2021-061,y2021,2021年度精选策略/61.【复现】扩散指标择时.txt,【复现】扩散指标择时,Hugo2046,https://www.joinquant.com/post/27636,True,,"stock,etf",index_timing,daily,open,"valuation,index_members,index_bars",284,0b8bd5bc5814,todo,,
y2021-062,y2021,2021年度精选策略/62.【复现】北向资金交易能力一定强吗.txt,【复现】北向资金交易能力一定强吗,Hugo2046,https://www.joinquant.com/post/29573,True,,"stock,etf",northbound,bar,,"financials,northbound,index_bars",220,b0727d2bdc01,todo,,
y2021-063,y2021,2021年度精选策略/63.【复现】华泰证券-波动率和换手率构建牛熊指标.txt,【复现】华泰证券-波动率和换手率构建牛熊指标,,,False,,stock,other,,,"valuation,index_members,jq_factors,index_bars",1496,9dbf27618f8d,todo,,
y2021-064,y2021,2021年度精选策略/64.【复现】C-VIX 中国版 VIX 编制手册.txt,【复现】C-VIX 中国版 VIX 编制手册,Hugo2046,https://www.joinquant.com/post/26326,True,,"stock,option,etf",etf_rotation,daily,open,index_bars,613,5483ce9fea22,todo,,
y2021-065,y2021,2021年度精选策略/65.【分享】多因子指数增强.txt,【分享】多因子指数增强,Hugo2046,https://www.joinquant.com/post/29940,True,,stock,multi_factor,monthly,open,index_bars,91,9aa23daab5ac,todo,,
y2021-066,y2021,2021年度精选策略/66.【复现】A股日内动量效应（一）半小时 涨跌幅间的规律.txt,【复现】A股日内动量效应（一）半小时 涨跌幅间的规律,,,False,,stock,grid,,,"minute_bars,index_bars",367,bfbad3a743a1,todo,,
y2021-067,y2021,2021年度精选策略/67.RSRS择时改进-【成交量加权-钝化-右偏】.txt,RSRS择时改进-【成交量加权-钝化-右偏】,uuyue,https://www.joinquant.com/post/27399,True,,stock,index_timing,daily,"after_close,before_open",index_bars,179,491607d7f0c7,todo,,
y2021-068,y2021,2021年度精选策略/68.蒋老师吐槽了之后，我也想说说对ETF轮动策略的看法.txt,蒋老师吐槽了之后，我也想说说对ETF轮动策略的看法,智习,https://www.joinquant.com/post/24430,True,,"stock,etf",etf_rotation,daily,"11:30,14:40,before_open",index_bars,231,7c7c15c33c95,todo,,
y2021-069,y2021,2021年度精选策略/69.（12.3更新v1.2）朱虽自用1号（神虽顶底+趋势）.txt,（12.3更新v1.2）朱虽自用1号（神虽顶底+趋势）,Fibonabbit,https://www.joinquant.com/post/29276,True,,"stock,etf",index_timing,daily,"14:30,after_close,before_open","minute_bars,index_bars",468,e88037b85d55,todo,,
y2021-007,y2021,2021年度精选策略/7.股债波动平衡.txt,股债波动平衡,囚徒,https://www.joinquant.com/post/28893,True,,"stock,etf",etf_rotation,daily,"after_close,open",index_bars,187,e46728030508,todo,,
y2021-070,y2021,2021年度精选策略/70.超稳的股息率+均线选股策略.txt,超稳的股息率+均线选股策略,策略人生,https://www.joinquant.com/post/27782,True,,stock,value_dividend,monthly,9:30,"valuation,financials,index_members,dividend,index_bars",167,d519c60fc103,todo,,
y2021-071,y2021,2021年度精选策略/71.【股指策略】【研报复现】周内与日内结合CTA.txt,【股指策略】【研报复现】周内与日内结合CTA,魔术先生,https://www.joinquant.com/post/30310,True,,"stock,futures",futures,daily,"09:00,10:00,14:59,15:30","ticks,minute_bars,index_bars",154,bc1c92b36492,todo,,
y2021-072,y2021,2021年度精选策略/72.【股指期货】收盘折溢价策略.txt,【股指期货】收盘折溢价策略,魔术先生,https://www.joinquant.com/post/30028,True,,"stock,futures",futures,daily,"09:00,10:00,14:59,15:30","minute_bars,limit_price,index_bars",195,b2051102a114,todo,,
y2021-073,y2021,2021年度精选策略/73.基于期权PCR与标的波动率价差的股指期货套利.txt,基于期权PCR与标的波动率价差的股指期货套利,魔术先生,https://www.joinquant.com/post/27664,True,,"stock,futures,option,etf",futures,daily,"09:00,15:30,every_bar","limit_price,index_bars",325,caf882639dbe,todo,,
y2021-074,y2021,2021年度精选策略/74.迪马克TD趋势反转指标.txt,迪马克TD趋势反转指标,魔术先生,https://www.joinquant.com/post/28543,True,,"stock,futures",index_timing,daily,"09:00,09:30,15:30",index_bars,298,0402ab122e75,todo,,
y2021-075,y2021,2021年度精选策略/75.最近2年年化100%以上回撤12%的打板策略-验证策略.txt,最近2年年化100%以上回撤12%的打板策略-验证策略,大思维者,https://www.joinquant.com/post/28552,True,,stock,limit_board,daily,,"minute_bars,limit_price,index_bars",215,e5490946e348,todo,,
y2021-076,y2021,2021年度精选策略/76.日内交易策略R-breaker - 300346.XSHE.txt,日内交易策略R-breaker - 300346.XSHE,Pole,https://www.joinquant.com/post/26397,True,,"stock,etf",etf_rotation,daily,"09:30,15:30",index_bars,124,50de55ed9b61,todo,,
y2021-077,y2021,"2021年度精选策略/77.超强单因子策略（EBIT,EV）.txt",超强单因子策略（EBIT/EV）,乌龟赛跑7,https://www.joinquant.com/post/24809,True,,stock,multi_factor,monthly,"after_close,before_open,open","valuation,financials,index_members,jq_factors,index_bars",172,77fc7abe51ea,todo,,
y2021-078,y2021,2021年度精选策略/78.机器学习模型大比拼!.txt,机器学习模型大比拼!,,,False,,stock,ml,,,"valuation,financials,index_members,industry,jq_factors",1473,015fa801bbf5,todo,,
y2021-079,y2021,2021年度精选策略/79.【多因子选股模型框架】(单因子各项指标评分细则).txt,【多因子选股模型框架】(单因子各项指标评分细则),酷安克L2,https://www.joinquant.com/post/27018,True,,stock,multi_factor,monthly,open,"valuation,financials,index_members,industry,jq_factors,index_bars",130,b4c04ab0504c,todo,,
y2021-008,y2021,2021年度精选策略/8.因子分析 营业利润TTM.txt,因子分析 营业利润TTM,,,False,,stock,multi_factor,,,"valuation,index_members,industry,jq_factors,index_bars",1827,827fac39fc24,todo,,
y2021-080,y2021,2021年度精选策略/80.公募基金抱团.txt,公募基金抱团,dejiangwang,https://www.joinquant.com/post/29768,True,,"stock,etf",etf_rotation,daily,"after_close,before_open,open","valuation,financials,index_bars",137,870d544c5f57,todo,,
y2021-081,y2021,2021年度精选策略/81.无杠杆，稳定盈利的etf轮动，06年开始3000%收益.txt,无杠杆，稳定盈利的etf轮动，06年开始3000%收益,热爱大自然,https://www.joinquant.com/post/24321,True,,"stock,etf",etf_rotation,daily,"11:30,13:00,14:40",index_bars,247,541947cc376a,todo,,
y2021-082,y2021,2021年度精选策略/82.无需先验知识，动态选择的etf轮动策略，更具鲁棒性.txt,无需先验知识，动态选择的etf轮动策略，更具鲁棒性,热爱大自然,https://www.joinquant.com/post/24429,True,,"stock,etf",etf_rotation,daily,"11:30,14:40",index_bars,295,1315283d2c60,todo,,
y2021-083,y2021,2021年度精选策略/83.识别趋势震荡之神器 MESA最大熵谱分析（一）：滤波器建立.txt,识别趋势震荡之神器 MESA最大熵谱分析（一）：滤波器建立,,,False,,stock,index_timing,,,"minute_bars,index_bars",562,a2720eecb7d7,todo,,
y2021-084,y2021,2021年度精选策略/84.ETF网格交易策略.txt,ETF网格交易策略,pia19,https://www.joinquant.com/post/27759,True,,"stock,etf",etf_rotation,daily,"14:45:00,after_close,every_bar","minute_bars,index_bars",73,681065583e64,todo,,
y2021-085,y2021,2021年度精选策略/85.易方达中小盘（魔改版）.txt,易方达中小盘（魔改版）,猪头港,https://www.joinquant.com/post/28287,True,,stock,small_cap,daily,"after_close,open",index_bars,86,c6a9c57e372d,todo,,
y2021-086,y2021,2021年度精选策略/86.北上詹姆斯.txt,北上詹姆斯,猪头港,https://www.joinquant.com/post/29225,True,,stock,northbound,daily,07:00,"financials,northbound,index_bars",94,aaabeccc3365,todo,,
y2021-087,y2021,2021年度精选策略/87.穿越牛熊基业长青的价值精选策略（小资本也有大作为）.txt,穿越牛熊基业长青的价值精选策略（小资本也有大作为）,发现alpha,https://www.joinquant.com/post/28567,True,,stock,value_dividend,monthly,"before_open,open","valuation,financials,industry,index_bars",291,a46949c43786,todo,,
y2021-088,y2021,2021年度精选策略/88.基于动量因子的ETF轮动加上RSRS择时.txt,基于动量因子的ETF轮动加上RSRS择时,慕长风,https://www.joinquant.com/post/26142,True,,"stock,etf",etf_rotation,weekly,,index_bars,167,450adeb69607,todo,,
y2021-089,y2021,2021年度精选策略/89.2020年效果很好的策略-龙回头策略v3.0.txt,2020年效果很好的策略-龙回头策略v3.0,橘座量化,https://www.joinquant.com/post/27429,True,,stock,limit_board,bar,,"valuation,billboard,limit_price",356,636fde31b8cf,todo,,
y2021-009,y2021,2021年度精选策略/9.持续跑赢大盘-真蓝筹v2(资金容量千万以上).txt,持续跑赢大盘-真蓝筹v2(资金容量千万以上),柱子嗨翻天,https://www.joinquant.com/post/26117,True,,stock,index_timing,daily,"9:20,open","valuation,index_members,index_bars",213,e7144ea0b7f4,todo,,
y2021-090,y2021,2021年度精选策略/90.超稳+翻倍，贝塔值只有0.048的期指策略.txt,超稳+翻倍，贝塔值只有0.048的期指策略,老虎渔,https://www.joinquant.com/post/30449,True,,"stock,futures,option,etf",futures,daily,"09:00,09:40,14:30,14:56,15:30","ticks,minute_bars,limit_price,index_bars",403,8cfbe525ba56,todo,,
y2021-091,y2021,2021年度精选策略/91.欧奈尔 RPS选股战法回测.txt,欧奈尔 RPS选股战法回测,子不语19,https://www.joinquant.com/post/27255,True,,"stock,etf",etf_rotation,daily,"14:25,after_close,before_open","index_members,index_bars",162,04dbf4e772bc,todo,,
y2021-092,y2021,2021年度精选策略/92.敢于直接实盘的—八仙过海V2.txt,敢于直接实盘的—八仙过海V2,Funine,https://www.joinquant.com/post/30551,True,,"stock,etf",etf_rotation,daily,"11:00,14:30,before_open",index_bars,259,305d222a3dff,todo,,
y2021-093,y2021,2021年度精选策略/93北向Boll带_ETF组合宝付费策略.txt,北向Boll带_ETF组合宝付费策略,Funine,https://www.joinquant.com/post/30461,True,,"stock,etf",etf_rotation,daily,"11:30,14:10,14:11,before_open","financials,northbound,minute_bars,index_bars",375,ca37ef9d570c,todo,,
y2021-094,y2021,2021年度精选策略/94.小资金短线策略.txt,小资金短线策略,rickch,https://www.joinquant.com/post/28782,True,,stock,other,daily,"09:00,9:30","index_members,minute_bars,index_bars",75,3fc56518a653,todo,,
y2021-095,y2021,2021年度精选策略/95.冲天炮最高板策略迭代.txt,冲天炮最高板策略迭代,暗影之光,https://www.joinquant.com/post/29403,True,,stock,limit_board,daily,"before_open,every_bar","limit_price,index_bars",230,5478cf9105ff,todo,,
y2021-096,y2021,2021年度精选策略/96.分享一个简单的选股器.txt,分享一个简单的选股器,,,False,,stock,multi_factor,,,"valuation,jq_factors",249,9f157db15122,todo,,
y2021-097,y2021,2021年度精选策略/97.稳定高回报周期股策略2-RSRS择时.txt,稳定高回报周期股策略2-RSRS择时,风轻云淡0769,https://www.joinquant.com/post/29915,True,,stock,index_timing,"monthly,weekly,daily","9:30,after_close,open","valuation,financials,index_bars",382,1734cd2023e6,todo,,
y2021-098,y2021,2021年度精选策略/98.追涨大师（超额142）.txt,追涨大师（超额142）,张仨06,https://www.joinquant.com/post/30457,True,,stock,ml,daily,"7:00,9:50","money_flow,index_bars",188,3c52f4e9e825,todo,,
y2021-099,y2021,2021年度精选策略/99.最新龙回头5.0速度优化版+风险控制版本.txt,最新龙回头5.0速度优化版+风险控制版本,GoodThinker,https://www.joinquant.com/post/30071,True,,"stock,etf",etf_rotation,daily,"1:00,2:00,2:30,3:00,4:00,every_bar","financials,concept,minute_bars",856,0fb8fe5928cc,todo,,
y2022-001,y2022,2022年度精选策略/1.易方达二八轮动测试.txt,易方达二八轮动测试,子鹿,https://www.joinquant.com/post/22555,True,,"stock,etf",etf_rotation,monthly,,index_bars,125,383eb75ad910,todo,,
y2022-010,y2022,2022年度精选策略/10.期货macd简单择时，atp止损.txt,期货macd简单择时，atp止损,伊玛目的门徒,https://www.joinquant.com/post/21268,True,,futures,futures,"daily,bar","09:00,15:30","minute_bars,limit_price",323,ef8decb52c98,todo,,
y2022-100,y2022,2022年度精选策略/100.实战型小盘价值策略--14年30倍.txt,实战型小盘价值策略--14年30倍,Gyro,https://www.joinquant.com/post/16583,True,,stock,small_cap,bar,,"valuation,financials,index_members,index_bars",67,b5b5d87f619d,todo,,
y2022-011,y2022,2022年度精选策略/11.林奇PEG选股轮动，十年20倍，有止损模块.txt,林奇PEG选股轮动，十年20倍，有止损模块,一梦春秋,https://www.joinquant.com/post/19402,True,,"stock,etf",value_dividend,"monthly,weekly,daily,bar","after_close,before_open,open","valuation,financials,index_bars",205,dba0198c0ecd,todo,,
y2022-012,y2022,2022年度精选策略/12.回馈社区，分享市盈率股息率选股+均线止盈交易策略.txt,回馈社区，分享市盈率股息率选股+均线止盈交易策略,一梦春秋,https://www.joinquant.com/post/17121,True,,stock,value_dividend,"monthly,bar",09:00,"valuation,financials,index_members,dividend,index_bars",205,8d97f08edd62,todo,,
y2022-013,y2022,2022年度精选策略/13.利用股息率长线选股【超稳】.txt,利用股息率长线选股【超稳】,一袋棕丝,https://www.joinquant.com/post/23008,True,,stock,value_dividend,"monthly,weekly,daily",9:50,"valuation,financials,index_members,dividend,index_bars",244,f2bb4917cd2e,todo,,
y2022-014,y2022,2022年度精选策略/14.银行股价值定投.txt,银行股价值定投,歆宝,https://www.joinquant.com/post/20410,True,,"stock,etf",value_dividend,daily,,"valuation,financials,index_members,index_bars",199,5cc48808295b,todo,,
y2022-015,y2022,2022年度精选策略/15.A股-宏观动量-v5-Clone1.txt,A股-宏观动量-v5-Clone1,,,False,,stock,grid,,,"macro,index_bars",555,7cd9f7121b76,todo,,
y2022-016,y2022,2022年度精选策略/16.选股因子系列研究(十八) — 价格形态选股因子.txt,选股因子系列研究(十八) — 价格形态选股因子,,,False,,stock,multi_factor,,,"index_members,industry,jq_factors,index_bars",630,c6a8ae85090e,todo,,
y2022-017,y2022,2022年度精选策略/17.多因子系列-多因子模型体系之因子组合的确定.txt,多因子系列-多因子模型体系之因子组合的确定,,,False,,stock,multi_factor,,,"valuation,financials,index_members,jq_factors,index_bars",577,3fbcad745ee1,todo,,
y2022-018,y2022,2022年度精选策略/18.期权突破策略研究 v1.txt,期权突破策略研究 v1,,,False,,"stock,option,etf",index_timing,,,minute_bars,627,6259fb771cf0,todo,,
y2022-019,y2022,2022年度精选策略/19.a股跳一跳复现v4.txt,a股跳一跳复现v4,,,False,,stock,other,,,"valuation,index_members,index_bars",683,77c5a241fd88,todo,,
y2022-002,y2022,2022年度精选策略/2.高收益中小板小流通市值次新股策略无择时.txt,高收益中小板小流通市值次新股策略无择时,智子投资,https://www.joinquant.com/post/20931,True,,stock,index_timing,bar,,"valuation,minute_bars,limit_price",98,ac87c6c39f8d,todo,,
y2022-020,y2022,2022年度精选策略/20.行业轮动的黄金律：日内动量与隔夜反转.txt,行业轮动的黄金律：日内动量与隔夜反转,,,False,,stock,sector_rotation,,,,407,6c0ab631ee08,todo,,
y2022-021,y2022,2022年度精选策略/21.股价日内模式中蕴藏的选股因子.ipynb,股价日内模式中蕴藏的选股因子,,,False,,"stock,futures",multi_factor,,,"valuation,index_members,industry,jq_factors,index_bars",2807,1a22b41cb7f2,todo,,
y2022-022,y2022,2022年度精选策略/22.多因子系列：基于多因子框架的收益预测模型.txt,多因子系列：基于多因子框架的收益预测模型,西安交大元老师量化小组,https://www.joinquant.com/post/21705,True,,"stock,etf",multi_factor,daily,9:30,"valuation,index_members,jq_factors,index_bars",138,4e829dcf89f3,todo,,
y2022-023,y2022,2022年度精选策略/23盘口信息获取与判断.txt,盘口信息获取与判断,,,False,,stock,other,,,"ticks,index_bars",45,d69363e5323f,todo,,
y2022-024,y2022,2022年度精选策略/24.龙头低波市值平均轮动策略.txt,龙头低波市值平均轮动策略,无悔,https://www.joinquant.com/post/21925,True,,"stock,etf",limit_board,daily,open,index_bars,260,beca5a3dc06a,todo,,
y2022-025,y2022,2022年度精选策略/25.股指期货套利策略.txt,股指期货套利策略,躺着数钱,https://www.joinquant.com/post/21341,True,y2021-057,"stock,futures",futures,daily,"before_open,every_bar","minute_bars,index_bars",167,aa924593450b,todo,,
y2022-026,y2022,2022年度精选策略/26.Xgboost 50ETF 2.0 分钟级回测.txt,Xgboost 50ETF 2.0 分钟级回测，已在一创实盘,太郎爱吃瓜,https://www.joinquant.com/post/23958,True,,"stock,etf",etf_rotation,daily,"after_close,before_open,open",index_bars,179,4947832e5d01,todo,,
y2022-027,y2022,2022年度精选策略/27.海龟交易体系-多资产版.txt,海龟交易体系-多资产版,四季,https://www.joinquant.com/post/21262,True,,stock,index_timing,daily,every_bar,"minute_bars,index_bars",214,4191c9016417,todo,,
y2022-028,y2022,2022年度精选策略/28.etf轮动的优化，680%收益.txt,etf轮动的优化，680%收益,热爱大自然,https://www.joinquant.com/post/23926,True,y2021-081,"stock,etf",etf_rotation,daily,"11:30,14:40",index_bars,237,c140b79604a7,todo,,
y2022-029,y2022,2022年度精选策略/29.价值投资优选标的，虽然慢，还是有收益的.txt,价值投资优选标的，虽然慢，还是有收益的,Dr. 梨花博士,https://www.joinquant.com/post/20963,True,,stock,value_dividend,bar,,"valuation,financials,index_members,minute_bars,limit_price,index_bars",580,df864d698266,todo,,
y2022-003,y2022,2022年度精选策略/3.次新无止损-暂时最优策略.txt,次新无止损-暂时最优策略,智子投资,https://www.joinquant.com/post/20855,True,y2022-002,stock,small_cap,bar,,"valuation,minute_bars,limit_price",92,c6f735b0bc4d,todo,,
y2022-030,y2022,2022年度精选策略/30.优质股高抛低吸策略.txt,优质股高抛低吸策略,chencongqun,https://www.joinquant.com/post/23312,True,,"stock,etf",etf_rotation,daily,"before_open,every_bar,open","jq_factors,index_bars",401,55751b13fc31,todo,,
y2022-031,y2022,2022年度精选策略/31.再次抛砖.txt,再次抛砖,那時花開海布裡,https://www.joinquant.com/post/24103,True,,"stock,futures",futures,"daily,bar","09:00,09:30,15:30","minute_bars,limit_price,index_bars",369,b853d47a00c9,todo,,
y2022-032,y2022,2022年度精选策略/32.行业指数轮动.txt,行业指数轮动,那時花開海布裡,https://www.joinquant.com/post/21269,True,,"stock,etf",sector_rotation,bar,,"minute_bars,index_bars",172,eee496f1bc63,todo,,
y2022-033,y2022,2022年度精选策略/33.ETF单均线跟踪轮动.txt,ETF单均线跟踪轮动,那時花開海布裡,https://www.joinquant.com/post/20590,True,,"stock,etf",etf_rotation,bar,,"minute_bars,index_bars",186,e77f89889543,todo,,
y2022-034,y2022,2022年度精选策略/34.N进N+1打板策略1.2版.txt,N进N+1打板策略1.2版,修行者,https://www.joinquant.com/post/20946,True,,"stock,etf",limit_board,daily,"after_close,before_open","valuation,financials,ticks,minute_bars,limit_price,index_bars",455,285ac2d0bb33,todo,,
y2022-035,y2022,2022年度精选策略/35.量价MACD组合择时-帮你把握股市中的大趋势.txt,量价MACD组合择时-帮你把握股市中的大趋势,了凡川,https://www.joinquant.com/post/19797,True,,"stock,etf",index_timing,daily,"14:50,after_close,before_open",index_bars,115,bee4c1bc4c1c,todo,,
y2022-036,y2022,2022年度精选策略/36.年化70%，近三年还有效的小市值策略.txt,年化70%，近三年还有效的小市值策略,无敌赖皮,https://www.joinquant.com/post/23331,True,,"stock,etf",small_cap,"daily,bar","after_close,before_open,open","valuation,index_bars",158,226267e456cc,todo,,
y2022-037,y2022,2022年度精选策略/37.Barra模型初探，A股市场风格解析.txt,Barra模型初探，A股市场风格解析,,,False,,stock,sector_rotation,,,"valuation,index_members,industry,jq_factors,limit_price,index_bars",516,5e8a19f38e28,todo,,
y2022-038,y2022,2022年度精选策略/38.【期货策略】钢厂利润模型-螺纹钢铁矿石焦炭套利.txt,【期货策略】钢厂利润模型-螺纹钢铁矿石焦炭套利,拉姆达投资,https://www.joinquant.com/post/16318,True,,"stock,futures,etf",futures,daily,"after_close,open",,265,f2b21c220f62,todo,,
y2022-039,y2022,2022年度精选策略/39.个股择时有效？因子选股+双均线择时效果初步尝试.txt,个股择时有效？因子选股+双均线择时效果初步尝试,拉姆达投资,https://www.joinquant.com/post/19302,True,,"stock,etf",multi_factor,"monthly,daily","after_close,before_open,open","valuation,index_members,dividend,index_bars",358,a1fa0c887d0c,todo,,
y2022-004,y2022,2022年度精选策略/4.自带仓位控制的股息率策略，超稳.txt,自带仓位控制的股息率策略，超稳,只看年报来投资,https://www.joinquant.com/post/21179,True,,stock,value_dividend,monthly,9:30,"valuation,financials,index_members,dividend,index_bars",223,704a2e2240bc,todo,,
y2022-040,y2022,2022年度精选策略/40.第三期研报复现——Eden666.txt,第三期研报复现——Eden666,,,False,,stock,grid,,,"valuation,financials,index_members,industry,index_bars",1333,2e1eba1dd37a,todo,,
y2022-041,y2022,2022年度精选策略/41.【研报复现】一梦春秋.txt,【研报复现】一梦春秋,,,False,,stock,grid,,,"index_members,minute_bars,index_bars",849,eec2ff5a606d,todo,,
y2022-042,y2022,2022年度精选策略/42.【研报复现】再论动量因子Ian666.txt,【研报复现】再论动量因子Ian666,,,False,,stock,multi_factor,,,"valuation,index_members,industry,jq_factors,minute_bars,index_bars",2005,80cdb914219c,todo,,
y2022-043,y2022,2022年度精选策略/43.股指期货&quot;蜘蛛网策略&quot; ——从成交持仓表中捕捉知情投资者行为.txt,股指期货&quot;蜘蛛网策略&quot; ——从成交持仓表中捕捉知情投资者行为,交易之道2015,https://www.joinquant.com/post/19254,True,,"stock,futures",futures,daily,"after_close,before_open,open","financials,index_bars",180,65d1c386719e,todo,,
y2022-044,y2022,2022年度精选策略/44.简单有效的次新投机策略，年化200%+.txt,简单有效的次新投机策略，年化200%+,剑走天涯1986,https://www.joinquant.com/post/20387,True,,stock,small_cap,bar,,"valuation,minute_bars,limit_price,index_bars",238,21cc961e43bc,todo,,
y2022-045,y2022,2022年度精选策略/45.股指期货跨合约套利.txt,股指期货跨合约套利,归去来兮,https://www.joinquant.com/post/19837,True,,"stock,futures",futures,daily,"before_open,every_bar","minute_bars,index_bars",85,ceb3104eef97,todo,,
y2022-046,y2022,2022年度精选策略/46.指数择时与仓位管理策略初探.txt,指数择时与仓位管理策略初探,跟随哔哔做量化,https://www.joinquant.com/post/16351,True,,"stock,etf",index_timing,daily,open,index_bars,202,0b52b3bdf797,todo,,
y2022-047,y2022,2022年度精选策略/47.基于随机森林和XGBoost的多因子模型分析.txt,基于随机森林和XGBoost的多因子模型分析,,,False,,stock,ml,,,"valuation,financials,index_members,industry,jq_factors,dividend,index_bars",674,51d80366e125,todo,,
y2022-048,y2022,2022年度精选策略/48.买不到710亿爆款基金怎么办？自己做一个量化价值成长策略吧.txt,买不到710亿爆款基金怎么办？自己做一个量化价值成长策略吧,对冲王语嫣,https://www.joinquant.com/post/19201,True,,"stock,etf",etf_rotation,monthly,"close,open","valuation,financials,index_members,index_bars",114,a6322feb4032,todo,,
y2022-049,y2022,2022年度精选策略/49.LLT低延迟趋势线择时交易初探.txt,LLT低延迟趋势线择时交易初探,概率游戏,https://www.joinquant.com/post/21406,True,,"stock,etf",index_timing,bar,,,65,5c72907b3421,todo,,
y2022-005,y2022,2022年度精选策略/5.高频策略研究（一）——基于开盘情况预测走势-Copy1.txt,高频策略研究（一）——基于开盘情况预测走势-Copy1,,,False,,stock,other,,,"index_members,minute_bars,index_bars",460,fb5f244e85b5,todo,,
y2022-050,y2022,2022年度精选策略/50.K线形态识别与验证-升级.txt,K线形态识别与验证-升级,,,False,,stock,other,,,,1160,2cb9f6ae64a5,todo,,
y2022-052,y2022,2022年度精选策略/52.用指数战胜指数，ETF二八轮动对冲模型.txt,用指数战胜指数，ETF二八轮动对冲模型,东南有大树,https://www.joinquant.com/post/19490,True,,"stock,etf",etf_rotation,daily,14:53,index_bars,97,b9965d411543,todo,,
y2022-053,y2022,2022年度精选策略/53.【指标研究】MACD日、周、月以及分别级别研究（包含低位二次金叉算法）.txt,【指标研究】MACD日、周、月以及分别级别研究（包含低位二次金叉算法）,,,False,,stock,index_timing,,,"minute_bars,index_bars",436,cb4caae4aa2d,todo,,
y2022-054,y2022,2022年度精选策略/54.指数估值自动报表系统——源代码.txt,指数估值自动报表系统——源代码,东南有大树,https://www.joinquant.com/post/20497,True,,stock,value_dividend,daily,7:00,index_bars,23,98078e24e9fa,todo,,
y2022-055,y2022,2022年度精选策略/55.【策略研发】三进兵策略（变形版）.txt,【策略研发】三进兵策略（变形版）,东南有大树,https://www.joinquant.com/post/16385,True,,stock,other,daily,,index_bars,174,2ecc7295bec6,todo,,
y2022-056,y2022,2022年度精选策略/56.胜率为100%，盈亏比90000+的单品种倍投策略.txt,胜率为100%，盈亏比90000+的单品种倍投策略,大鸭力,https://www.joinquant.com/post/20922,True,,stock,other,bar,,"minute_bars,index_bars",278,1ab46e0cfd73,todo,,
y2022-057,y2022,2022年度精选策略/57.宏观指标择时检测.txt,宏观指标择时检测,大锐锐丶,https://www.joinquant.com/post/21349,True,,"stock,etf",index_timing,"monthly,daily","09:30,open","macro,index_bars",714,4165bfdabda3,todo,,
y2022-058,y2022,2022年度精选策略/58.100%胜率！历史PE估值价值投资择时交易.txt,100%胜率！历史PE估值价值投资择时交易,Marshal,https://www.joinquant.com/post/19593,True,,stock,value_dividend,"monthly,daily","after_close,before_open","valuation,financials,index_bars",192,a06f2a63fdb0,todo,,
y2022-059,y2022,2022年度精选策略/59.【策略】夏普超过2.0，后市靠定增一步步往上爬.txt,【策略】夏普超过2.0，后市靠定增一步步往上爬,安藤忠雄,https://www.joinquant.com/post/19619,True,,stock,small_cap,daily,14:21,"valuation,minute_bars,index_bars",108,253044f7640e,todo,,
y2022-006,y2022,2022年度精选策略/6.择时，还是宏观数据靠谱（宏观择时集合）.txt,择时，还是宏观数据靠谱（宏观择时集合）,云帆,https://www.joinquant.com/post/19349,True,,"stock,etf",index_timing,"monthly,daily","09:30,open","minute_bars,macro,index_bars",565,da7304f60faa,todo,,
y2022-060,y2022,2022年度精选策略/60.2019年3月以来的前日涨停昨日未涨停今日大涨的追涨策略.txt,2019年3月以来的前日涨停昨日未涨停今日大涨的追涨策略,Yaroglek,https://www.joinquant.com/post/19827,True,,"stock,etf",limit_board,daily,"09:34,09:35,14:45,after_close,before_open","index_members,limit_price,index_bars",127,dfc61a527cd8,todo,,
y2022-061,y2022,2022年度精选策略/61.最简单的动量模型，能否应对A股暴涨？(二).txt,最简单的动量模型，能否应对A股暴涨？(二),wlsoft2006,https://www.joinquant.com/post/17047,True,,"stock,etf",etf_rotation,daily,"after_close,before_open,open",index_bars,136,6bea96095f0d,todo,,
y2022-062,y2022,2022年度精选策略/62.商品期货多因子 全市场对冲模型.txt,商品期货多因子 全市场对冲模型,1342631xxxx,https://www.joinquant.com/post/16126,True,,"stock,futures,etf",futures,"weekly,daily","after_close,before_open,open",jq_factors,597,f67926aa9977,todo,,
y2022-063,y2022,2022年度精选策略/63.螺纹钢供需轮动策略（带止损）.txt,螺纹钢供需轮动策略（带止损）,Suhayl,https://www.joinquant.com/post/22440,True,,futures,futures,daily,"after_close,open",,250,ef94d3b3da70,todo,,
y2022-064,y2022,2022年度精选策略/64.传统反转因子的改进与实测.txt,传统反转因子的改进与实测,point:21,https://www.joinquant.com/post/16959,True,,stock,multi_factor,daily,"before_open,every_bar","index_members,minute_bars",114,b45d5a4be1f7,todo,,
y2022-065,y2022,2022年度精选策略/65.价值选股与RSRS择时 py3版本.txt,价值选股与RSRS择时 py3版本,nbnc003,https://www.joinquant.com/post/19809,True,,"stock,etf",value_dividend,"daily,bar","9:30,after_close,before_open","valuation,financials,minute_bars,limit_price,index_bars",218,eae09a0aeba7,todo,,
y2022-066,y2022,2022年度精选策略/66.【配对交易】基于zscore的配对交易策略（胜率88.2%）.txt,【配对交易】基于zscore的配对交易策略（胜率88.2%）,量化看市场,https://www.joinquant.com/post/16998,True,,stock,pairs,daily,every_bar,index_bars,59,011bfb2aa689,todo,,
y2022-067,y2022,2022年度精选策略/67.来自JPMorgan的VaR+EXPMA风险仓位控制.txt,来自JPMorgan的VaR+EXPMA风险仓位控制,Marshal,https://www.joinquant.com/post/19351,True,,stock,other,daily,"after_close,before_open,open",index_bars,95,a879de45920d,todo,,
y2022-068,y2022,2022年度精选策略/68.RSRS模型深入研究3-二八轮动策略及其探究分析.txt,RSRS模型深入研究3-二八轮动策略及其探究分析,Marshal,https://www.joinquant.com/post/17349,True,,stock,index_timing,daily,"after_close,before_open",index_bars,198,5eae7b51160a,todo,,
y2022-069,y2022,2022年度精选策略/69.RSRS择时加基本面选股策略优化.txt,RSRS择时加基本面选股策略优化,luvymhq,https://www.joinquant.com/post/21249,True,,"stock,etf",index_timing,daily,"after_close,before_open,open,open+10m","valuation,financials,industry,jq_factors,limit_price,index_bars",387,45d23363816b,todo,,
y2022-007,y2022,2022年度精选策略/7.中文自然语言处理--情感分析.txt,中文自然语言处理--情感分析,,,False,,stock,ml,,,,636,a04ab5437409,todo,,
y2022-070,y2022,2022年度精选策略/70.年化64%的市值选股策略（有止损模块）.txt,年化64%的市值选股策略（有止损模块）,lsydmn,https://www.joinquant.com/post/17194,True,,"stock,etf",etf_rotation,daily,"09:00,09:30,15:30","valuation,index_members,index_bars",178,7a8015a82fe1,todo,,
y2022-071,y2022,2022年度精选策略/71.年化42%的市值选股与阶梯调仓策略.txt,年化42%的市值选股与阶梯调仓策略,lsydmn,https://www.joinquant.com/post/17144,True,,"stock,etf",etf_rotation,daily,"09:00,09:30,15:30","valuation,index_members,index_bars",111,b9c5cfe466aa,todo,,
y2022-072,y2022,2022年度精选策略/72.年化15.48%，盈亏比3.818的双均线策略.txt,年化15.48%，盈亏比3.818的双均线策略,lsydmn,https://www.joinquant.com/post/16999,True,,"stock,etf",index_timing,daily,"after_close,before_open,open",index_bars,85,3461874bb044,todo,,
y2022-073,y2022,2022年度精选策略/73.股指期货分钟-高收益-低回撤，你值得拥有.txt,股指期货分钟-高收益-低回撤，你值得拥有,lenord,https://www.joinquant.com/post/23087,True,y2021-057,"stock,futures",futures,daily,"before_open,every_bar","minute_bars,index_bars",167,3fc5e056b0fc,todo,,
y2022-074,y2022,2022年度精选策略/74.基本面单因子测试——以BP因子为例.txt,基本面单因子测试——以BP因子为例,K线放荡不羁,https://www.joinquant.com/post/16352,True,,stock,multi_factor,bar,,"valuation,financials,index_members,jq_factors,dividend",640,29509b6032cf,todo,,
y2022-075,y2022,2022年度精选策略/75.量价MACD组合择时——极速版.txt,量价MACD组合择时——极速版,jqz1226,https://www.joinquant.com/post/24338,True,,"stock,etf",index_timing,daily,"14:50,after_close,before_open",index_bars,100,3c3bc16e3ab7,todo,,
y2022-076,y2022,2022年度精选策略/76.向云帆致敬—— 宏观数据择时策略——极速版代码.txt,向云帆致敬—— 宏观数据择时策略——极速版代码,,,True,,stock,index_timing,"monthly,daily","09:30,open","minute_bars,macro,index_bars",286,4c8233d77ba2,todo,,
y2022-077,y2022,2022年度精选策略/77.TensorFlow 学习之循环神经网络（RNN）.txt,TensorFlow 学习之循环神经网络（RNN）,,,False,,stock,ml,,,index_bars,225,f3fd963f2eb6,todo,,
y2022-078,y2022,2022年度精选策略/78.RSRS系列一：完整复现版(自带快速回测框架).txt,RSRS系列一：完整复现版(自带快速回测框架),,,False,,stock,index_timing,,,index_bars,1050,85edd21575b6,todo,,
y2022-008,y2022,2022年度精选策略/8.多因子策略研究代码框架.txt,多因子策略研究代码框架,,,False,,stock,multi_factor,,,"valuation,financials,industry,index_bars",1182,abd81ae2131a,todo,,
y2022-080,y2022,2022年度精选策略/80.小盘价值股策略2.01，年化131%，回撤8.8%.txt,小盘价值股策略2.0，年化66%，回撤6.7%,Gyro,https://www.joinquant.com/post/16755,True,,stock,small_cap,bar,,"valuation,financials,index_members,index_bars",65,7bd28f8d8fe9,todo,,
y2022-081,y2022,2022年度精选策略/81.有脑子，会调整权重的动态多因子模型.txt,有脑子，会调整权重的动态多因子模型,fireflytxy,https://www.joinquant.com/post/21275,True,,"stock,etf",multi_factor,daily,"after_close,before_open,open","valuation,financials,index_members,industry,jq_factors,index_bars",577,e45ec17a8352,todo,,
y2022-082,y2022,2022年度精选策略/82.RSRS择时+机器学习选股.txt,RSRS择时+机器学习选股,fireflytxy,https://www.joinquant.com/post/21211,True,,"stock,etf",ml,daily,"after_close,before_open,open","valuation,financials,index_members,industry,minute_bars,index_bars",289,6ce406a93ba1,todo,,
y2022-083,y2022,2022年度精选策略/83.穿越十年牛熊：沪深300成分股配合macd的价投择时策略.txt,穿越十年牛熊：沪深300成分股配合macd的价投择时策略,etrobot,https://www.joinquant.com/post/23023,True,,"stock,etf",index_timing,daily,"15:00,before_open,open","valuation,index_members,limit_price,index_bars",103,da44ef30f831,todo,,
y2022-084,y2022,2022年度精选策略/84.MACD新研究，配合ETF十年稳稳的幸福.txt,MACD新研究，配合ETF十年稳稳的幸福,etrobot,https://www.joinquant.com/post/22997,True,,"stock,etf",etf_rotation,daily,"15:00,before_open,open","limit_price,index_bars",76,2c7856c2a172,todo,,
y2022-085,y2022,2022年度精选策略/85.年化20%+的极简指数增强，受RSRS和LLT启发.txt,年化20%+的极简指数增强，受RSRS和LLT启发,etrobot,https://www.joinquant.com/post/21853,True,,"stock,etf",index_timing,daily,"15:00,before_open,open","valuation,index_members,limit_price,index_bars",88,0c6cc11e8595,todo,,
y2022-086,y2022,2022年度精选策略/86.长江机器学习股票趋势预测.txt,长江机器学习股票趋势预测,Elvish,https://www.joinquant.com/post/16719,True,,stock,ml,monthly,,index_bars,62,d42318003911,todo,,
y2022-087,y2022,2022年度精选策略/87.RSI衍生指标择时轮动A股ETF.txt,RSI衍生指标择时轮动A股ETF,dwjxp,https://www.joinquant.com/post/20028,True,,"stock,etf",etf_rotation,"daily,bar",,index_bars,212,7c116b320dfa,todo,,
y2022-088,y2022,2022年度精选策略/88.一个简单策略，看起来还行。.txt,一个简单策略，看起来还行。,davidwan75,https://www.joinquant.com/post/22140,True,,stock,sector_rotation,daily,,"valuation,financials,index_members,industry,concept,limit_price,index_bars",463,86da58dc672a,todo,,
y2022-089,y2022,2022年度精选策略/89.MACD+波动率过滤+追踪止损 期货择时汇总.txt,MACD+波动率过滤+追踪止损 期货择时汇总,cicikml,https://www.joinquant.com/post/17302,True,,"stock,futures,etf",futures,daily,"09:00,15:30",minute_bars,459,8edfa1550e2f,todo,,
y2022-009,y2022,2022年度精选策略/9.高频Tick频率策略分享.txt,高频Tick频率策略分享,怡情,https://www.joinquant.com/post/20511,True,,futures,futures,daily,"08:31,20:59",,120,726d3aa867bc,todo,,
y2022-090,y2022,2022年度精选策略/90.相信波动率还是相信基本面？波动与估值因子A股驱动力测试.txt,相信波动率还是相信基本面？波动与估值因子A股驱动力测试,cicikml,https://www.joinquant.com/post/17255,True,,"stock,etf",value_dividend,"monthly,daily","after_close,before_open,open","valuation,index_members,index_bars",257,2b10ae7ad5eb,todo,,
y2022-091,y2022,2022年度精选策略/91.基于主成分分析 沪深300个股一致性IF股指交易策略.txt,基于主成分分析 沪深300个股一致性IF股指交易策略,cicikml,https://www.joinquant.com/post/16618,True,,"stock,futures",futures,daily,08:30,"index_members,index_bars",297,b07ac441c311,todo,,
y2022-092,y2022,2022年度精选策略/92.黄金避险有效？量化实测黄金资产真实收益.txt,黄金避险有效？量化实测黄金资产真实收益,cicikml,https://www.joinquant.com/post/16353,True,,"stock,etf",etf_rotation,"daily,bar",open,"valuation,financials,index_members,jq_factors,index_bars",296,aff8d9c4ccf2,todo,,
y2022-093,y2022,2022年度精选策略/93.海龟交易体系（股票版）.txt,海龟交易体系（股票版）,BAFE,https://www.joinquant.com/post/17113,True,,stock,index_timing,daily,every_bar,minute_bars,196,2b603f17bad7,todo,,
y2022-094,y2022,2022年度精选策略/94.量化排雷—一个实用排雷系统.txt,量化排雷—一个实用排雷系统,,,False,,stock,grid,,,"valuation,financials,dividend",792,a870ef1eb362,todo,,
y2022-095,y2022,2022年度精选策略/95.医疗行业多因子模型及单行业多因子测试代码模板.txt,医疗行业多因子模型及单行业多因子测试代码模板,Alfred_YY,https://www.joinquant.com/post/16766,True,,"stock,etf",sector_rotation,daily,"after_close,before_open,open","valuation,financials,industry,jq_factors,dividend,index_bars",625,7b1a4084414b,todo,,
y2022-096,y2022,2022年度精选策略/96.宏观择时多空组合——十年收益12倍，最大回撤6.7%.txt,宏观择时多空组合——十年收益12倍，最大回撤6.7%,,,False,,stock,index_timing,,,"macro,index_bars",617,65f65fca57cb,todo,,
y2022-097,y2022,2022年度精选策略/97.基于机器学习的多因子选股策略.txt,基于机器学习的多因子选股策略,quant.show,https://www.joinquant.com/post/16343,True,,stock,ml,bar,,"valuation,financials,index_members,industry,jq_factors,dividend,limit_price,index_bars",578,25dc523a07c2,todo,,
y2022-098,y2022,2022年度精选策略/98.复现东方证券研报--特质波动率因子研究.txt,复现东方证券研报--特质波动率因子研究,宸矽,https://www.joinquant.com/post/17060,True,,"stock,etf",multi_factor,monthly,"before_open,open","valuation,financials,industry,jq_factors,index_bars",426,99e8198ab2b7,todo,,
y2022-099,y2022,2022年度精选策略/99.量化定投，工薪族逆袭之路(附定投模型）.txt,量化定投，工薪族逆袭之路(附定投模型）,东南有大树,https://www.joinquant.com/post/21541,True,,"stock,etf",etf_rotation,"monthly,daily","09:30,7:00,7:30","valuation,index_members,index_bars",283,8281336e38a7,todo,,
y2023-000,y2023,2023年度精选策略/0.7年40倍，模拟超过两年，年化高回撤低.txt,7年40倍，模拟超过两年，年化高回撤低,quakecat,https://www.joinquant.com/post/30481,True,y2021-013,stock,small_cap,daily,,"valuation,minute_bars,limit_price,index_bars",241,354510d37f4f,todo,,
y2023-001,y2023,2023年度精选策略/1.龙头底分型战法-两年23倍.txt,龙头底分型战法-两年23倍,游资小码哥,https://www.joinquant.com/post/34286,True,,"stock,etf",limit_board,daily,"after_close,before_open,every_bar","ticks,minute_bars,limit_price,index_bars",331,5768e83dc6de,todo,,
y2023-010,y2023,2023年度精选策略/10.一个简单而持续稳定的懒人超额收益策略.txt,一个简单而持续稳定的懒人超额收益策略,Gyro,https://www.joinquant.com/post/30467,True,y2021-003,stock,other,"monthly,daily",,"index_members,index_bars",56,235e9019e568,todo,,
y2023-011,y2023,2023年度精选策略/11.致敬市场--5 定投ETF之躺平赢.txt,致敬市场(5)--定投ETF之躺平赢,Gyro,https://www.joinquant.com/post/33683,True,,"stock,etf",etf_rotation,weekly,open,,61,80ff0435adc4,todo,,
y2023-012,y2023,2023年度精选策略/12.【不含未来！】宽基etf轮动8年50倍年化60%.txt,【不含未来！】宽基etf轮动8年50倍年化60%,将就,https://www.joinquant.com/post/32543,True,,"stock,etf",etf_rotation,"weekly,daily","11:15,14:30,14:45,9:15,9:34","jq_factors,minute_bars,index_bars",244,e1bf34c92007,todo,,
y2023-013,y2023,2023年度精选策略/13.胜率65%之缩量分歧反包战法.txt,胜率65%之缩量分歧反包战法,游资小码哥,https://www.joinquant.com/post/34829,True,,"stock,etf",etf_rotation,daily,"after_close,before_open,every_bar","valuation,financials,ticks,minute_bars,limit_price,index_bars",269,847dbd36257b,todo,,
y2023-014,y2023,2023年度精选策略/14.2020年 267%年化 13%回撤 上涨趋势策略修改版.txt,2020年 267%年化 13%回撤 上涨趋势策略修改版,苦咖啡,https://www.joinquant.com/post/31232,True,,stock,index_timing,"weekly,daily",,"valuation,financials,index_members,limit_price,index_bars",426,8c25fa8e0990,todo,,
y2023-015,y2023,2023年度精选策略/15.动量ETF轮动RSRS择时-升级.txt,8年13倍的ETF动量轮动策略，有滑点，无未来函数，回撤小！,萌新王富贵,https://www.joinquant.com/post/34489,True,,"stock,etf",etf_rotation,daily,"11:30,15:30,open","minute_bars,limit_price,index_bars",287,017d21134101,todo,,
y2023-016,y2023,2023年度精选策略/16.8年13倍的ETF动量轮动策略，有滑点，无未来函数，回撤小！.txt,8年13倍的ETF动量轮动策略，有滑点，无未来函数，回撤小！,萌新王富贵,https://www.joinquant.com/post/34489,True,y2023-015,"stock,etf",etf_rotation,daily,"11:30,15:30,open","minute_bars,limit_price,index_bars",287,017d21134101,todo,,
y2023-017,y2023,2023年度精选策略/17.20行代码8年胜率100%躲过了牛年第一场大跌.txt,20行代码8年胜率100%躲过了牛年第一场大跌,zireego,https://www.joinquant.com/post/32112,True,,"stock,etf",etf_rotation,daily,open,index_bars,26,d144e9b3a3b6,todo,,
y2023-018,y2023,2023年度精选策略/18.【复现】FFScore财务模型.txt,【复现】FFScore财务模型,Hugo2046,https://www.joinquant.com/post/34748,True,,stock,value_dividend,monthly,,"valuation,index_members,industry,jq_factors,index_bars",367,67873dc4ab25,todo,,
y2023-019,y2023,2023年度精选策略/19.人人可躺平16年3400%.txt,人人可躺平16年3400%（评论必回复）,逆流的鱼,https://www.joinquant.com/post/33859,False,,"stock,etf",other,bar,,,64,a52fc48a6997,todo,,
y2023-002,y2023,2023年度精选策略/2.多策略融合-80倍-无未来函数.txt,多策略融合-80倍-无未来函数,游资小码哥,https://www.joinquant.com/post/35141,True,,"stock,etf",etf_rotation,daily,"after_close,before_open,every_bar","valuation,financials,ticks,minute_bars,limit_price,index_bars",947,e4d0d66d07ad,todo,,
y2023-020,y2023,2023年度精选策略/20.北向资金股票轮动-优质策略可直接实盘.txt,北向资金股票轮动-优质策略可直接实盘,Funine,https://www.joinquant.com/post/30772,True,,"stock,etf",northbound,daily,"8:30,9:30","financials,northbound,index_bars",143,4cf0557251d5,todo,,
y2023-021,y2023,2023年度精选策略/21.截止到21年12月依然有效的小市值适配因子.txt,截止到21年12月依然有效的小市值适配因子,wywy1995,https://www.joinquant.com/post/35690,True,,stock,small_cap,"weekly,daily","15:10,9:15,9:30","valuation,financials,jq_factors,minute_bars,limit_price,index_bars",198,6ed91e4a9c90,todo,,
y2023-022,y2023,2023年度精选策略/22.简单到发指的股指策略(2013到现在收益10949%).txt,简单到发指的股指策略(2013到现在收益10949%),资金永不眠,https://www.joinquant.com/post/30480,True,y2021-019,"stock,futures",futures,daily,"10:00,14:55",index_bars,63,c0102d437625,todo,,
y2023-023,y2023,2023年度精选策略/23.低AH溢价选股.txt,低AH溢价选股,子鹿,https://www.joinquant.com/post/31236,True,,stock,other,weekly,9:30,"financials,minute_bars,index_bars",72,f51b43b76309,todo,,
y2023-024,y2023,2023年度精选策略/24.ROE+PB模型的优化.txt,ROE+PB模型的优化,wywy1995,https://www.joinquant.com/post/34862,True,,stock,value_dividend,weekly,9:30,"valuation,financials,jq_factors,minute_bars,limit_price,index_bars",178,bf241cf9d0f9,todo,,
y2023-025,y2023,2023年度精选策略/25.这个可入得了你们法眼.txt,这个可入得了你们法眼,南山南11,https://www.joinquant.com/post/34474,True,,stock,limit_board,bar,,"valuation,billboard,limit_price,index_bars",385,8c9caee74145,todo,,
y2023-026,y2023,2023年度精选策略/26.追涨大师（超额142）.txt,追涨大师（超额142）,张仨06,https://www.joinquant.com/post/30457,True,y2021-098,stock,ml,daily,"7:00,9:50","money_flow,index_bars",188,3c52f4e9e825,todo,,
y2023-027,y2023,2023年度精选策略/27.从相关系数角度探讨etf轮动的可行性.txt,从相关系数角度探讨etf轮动的可行性,wywy1995,https://www.joinquant.com/post/34475,True,,"stock,etf",etf_rotation,daily,"15:30,9:30,open","minute_bars,limit_price,index_bars",206,0e60cde5dfd8,todo,,
y2023-028,y2023,2023年度精选策略/28.F_Score 选股，年化80%+.txt,F_Score 选股，年化80%+,回测时间长一点,https://www.joinquant.com/post/31359,True,,"stock,etf",etf_rotation,weekly,"after_close,before_open,open","financials,index_members,money_flow,index_bars",233,966a166272aa,todo,,
y2023-029,y2023,2023年度精选策略/29.价值成长轮动策略.txt,价值成长轮动策略,wywy1995,https://www.joinquant.com/post/34745,True,,stock,value_dividend,daily,"15:00,9:30","valuation,jq_factors,minute_bars,limit_price,index_bars",307,fdd9e91a4692,todo,,
y2023-003,y2023,2023年度精选策略/3.苦咖啡-默默赚钱系列-改.txt,苦咖啡-默默赚钱系列-改,jqz1226,https://www.joinquant.com/post/31267,True,,stock,other,weekly,,"index_members,limit_price,index_bars",112,e9eb4c47cdbd,todo,,
y2023-030,y2023,2023年度精选策略/30.跟着基金报团！！！174% 回撤 7.33%.txt,跟着基金报团！！！174%  回撤  7.33%,仓又加错了啊,https://www.joinquant.com/post/31496,True,,"stock,etf",etf_rotation,"monthly,weekly,daily","9:00,after_close,before_open,open","valuation,financials,index_members,index_bars",219,30290425ab0b,todo,,
y2023-031,y2023,2023年度精选策略/31.北向Boll带_ETF组合宝付费策略.txt,北向Boll带_ETF组合宝付费策略,Funine,https://www.joinquant.com/post/30461,True,y2021-093,"stock,etf",etf_rotation,daily,"11:30,14:10,14:11,before_open","financials,northbound,minute_bars,index_bars",375,ca37ef9d570c,todo,,
y2023-032,y2023,2023年度精选策略/32.最适合上班族的策略-神奇公式策略.txt,最适合上班族的策略-神奇公式策略,scottchenrui,https://www.joinquant.com/post/32795,True,,stock,ml,daily,,"valuation,financials,index_members,industry,concept,limit_price,index_bars",522,f209dd7b5172,todo,,
y2023-033,y2023,2023年度精选策略/33.趋势交易5.0 无择时-2年5倍不是梦.txt,趋势交易5.0 无择时-2年5倍不是梦,矢南,https://www.joinquant.com/post/31286,True,,"stock,etf",index_timing,daily,"after_close,before_open,open","index_members,index_bars",142,f8d686fe8ce5,todo,,
y2023-034,y2023,2023年度精选策略/34.超稳+翻倍，贝塔值只有0.048的期指策略.txt,超稳+翻倍，贝塔值只有0.048的期指策略,老虎渔,https://www.joinquant.com/post/30449,True,y2021-090,"stock,futures,option,etf",futures,daily,"09:00,09:40,14:30,14:56,15:30","ticks,minute_bars,limit_price,index_bars",403,8cfbe525ba56,todo,,
y2023-035,y2023,2023年度精选策略/35.最简强者恒强策略.txt,最简强者恒强策略,囚徒,https://www.joinquant.com/post/33618,True,,stock,sector_rotation,monthly,"9:00,open","valuation,industry,index_bars",78,49049610ddc9,todo,,
y2023-036,y2023,2023年度精选策略/36.PEG+EBIT对小市值因子的优化.txt,PEG+EBIT对小市值因子的优化,wywy1995,https://www.joinquant.com/post/34592,True,,stock,small_cap,daily,"15:30,9:30","valuation,jq_factors,minute_bars,limit_price,index_bars",191,fe5066e6d60a,todo,,
y2023-037,y2023,2023年度精选策略/37.ETF动量轮动RSRS择时-魔改4-低通滤波.txt,ETF动量轮动RSRS择时-魔改4-低通滤波,莫急莫急,https://www.joinquant.com/post/35338,True,,"stock,etf",etf_rotation,daily,"15:30,9:30,open",index_bars,183,344b7d6ce450,todo,,
y2023-038,y2023,2023年度精选策略/38.随机森林策略，低换手率，年化近50%.txt,随机森林策略，低换手率，年化近50%,寒芳,https://www.joinquant.com/post/35566,True,,stock,ml,daily,"before_open,open",index_bars,90,331d507fb811,todo,,
y2023-039,y2023,2023年度精选策略/39.低风险高收益的期货策略.txt,低风险高收益的期货策略,威航,https://www.joinquant.com/post/34248,True,,"stock,futures",futures,daily,"8:30,9:30",index_bars,203,fadcc6a0c984,todo,,
y2023-004,y2023,2023年度精选策略/4.8年10倍，回撤小，有滑点！ETF动量简单轮动策略！.txt,8年10倍，回撤小，有滑点！ETF动量简单轮动策略！,萌新王富贵,https://www.joinquant.com/post/34314,True,y2023-015,"stock,etf",etf_rotation,daily,"11:30,15:30,open","minute_bars,limit_price,index_bars",287,878e3abf80cf,todo,,
y2023-040,y2023,2023年度精选策略/40.再改进可实盘-默默赚钱系列-风险控制-增强版本-V5.0.txt,再改进可实盘-默默赚钱系列-风险控制-增强版本-V5.0,GoodThinker,https://www.joinquant.com/post/32591,True,,stock,other,weekly,,"index_members,limit_price,index_bars",141,1e6ee2ecb16b,todo,,
y2023-041,y2023,2023年度精选策略/41.大盘拥挤率极速版-180天3秒.txt,大盘拥挤率极速版-180天3秒,,,False,,stock,other,,,,46,a708e0c1beaf,todo,,
y2023-042,y2023,2023年度精选策略/42.二板排板战法研究.txt,二板排板战法研究,游资小码哥,https://www.joinquant.com/post/34011,True,,"stock,etf",etf_rotation,daily,"after_close,before_open,every_bar","valuation,ticks,minute_bars,limit_price,index_bars",366,5c768c6a08db,todo,,
y2023-043,y2023,2023年度精选策略/43.集合竞价摸奖策略1.0-致敬2022.txt,集合竞价摸奖策略1.0-致敬2022,矢南,https://www.joinquant.com/post/36149,True,,stock,limit_board,daily,"09:25,14:55,after_close,before_open,every_bar,open","valuation,financials,ticks,minute_bars,limit_price,index_bars",312,6d201e70dee9,todo,,
y2023-044,y2023,2023年度精选策略/44.海龟突破系统，19-21年化150，无未来函数和过拟合.txt,海龟突破系统，19-21年化150，无未来函数和过拟合,Trading Robot,https://www.joinquant.com/post/33654,True,,"stock,etf",index_timing,daily,"09:31,10:21,11:00,11:11,11:25,13:01,13:51,14:35,14:41,14:53,after_close,before_open","valuation,index_members,index_bars",102,970fd85b2dc4,todo,,
y2023-045,y2023,2023年度精选策略/45.敢于直接实盘的—八仙过海V2.txt,敢于直接实盘的—八仙过海V2,Funine,https://www.joinquant.com/post/30551,True,y2021-092,"stock,etf",etf_rotation,daily,"11:00,14:30,before_open",index_bars,259,305d222a3dff,todo,,
y2023-046,y2023,2023年度精选策略/46.年化46%的北向资金+20日涨幅的创业板策略.txt,年化46%的北向资金+20日涨幅的创业板策略,天然15,https://www.joinquant.com/post/33823,True,,"stock,etf",northbound,daily,"after_close,before_open,open","financials,northbound,index_bars",142,be59d5441803,todo,,
y2023-047,y2023,2023年度精选策略/47.动量ETF轮动-RSRS择时-卡尔曼滤波.txt,动量ETF轮动-RSRS择时-卡尔曼滤波,莫急莫急,https://www.joinquant.com/post/35416,True,,"stock,etf",etf_rotation,daily,"15:30,9:30,open",index_bars,190,3bfda3a9fe80,todo,,
y2023-048,y2023,2023年度精选策略/48.【漂亮50 2.0止损版本】为了降低回撤，加入择时止损模块.txt,【漂亮50 2.0止损版本】为了降低回撤，加入择时止损模块,潜水的白鱼,https://www.joinquant.com/post/35174,True,,stock,index_timing,daily,"14:55,15:30,9:30","valuation,financials,index_members,industry,jq_factors,minute_bars,limit_price,index_bars",351,c593fa9979b1,todo,,
y2023-049,y2023,2023年度精选策略/49.【7日趋势】交易策略.txt,【7日趋势】交易策略（无未来）,Mr.翟,https://www.joinquant.com/post/34449,True,,stock,index_timing,daily,"09:00,9:30","valuation,jq_factors,minute_bars,index_bars",424,4a9e21d05fb0,todo,,
y2023-005,y2023,2023年度精选策略/5.87.5%胜率之分歧反包二板.txt,87.5%胜率之分歧反包二板,游资小码哥,https://www.joinquant.com/post/34048,True,,"stock,etf",etf_rotation,daily,"after_close,before_open,every_bar","ticks,minute_bars,limit_price,index_bars",303,7512a35c9348,todo,,
y2023-050,y2023,2023年度精选策略/50.缠论交易策略.txt,缠论交易策略,quancker,https://www.joinquant.com/post/35463,True,,"stock,etf",etf_rotation,daily,every_bar,"minute_bars,index_bars",583,454651949b62,todo,,
y2023-051,y2023,2023年度精选策略/51.龙头战法之单阳不破.txt,龙头战法之单阳不破,游资小码哥,https://www.joinquant.com/post/35521,True,,"stock,etf",limit_board,,,"valuation,minute_bars,limit_price,index_bars",306,df9eb738a778,todo,,
y2023-052,y2023,2023年度精选策略/52.筹码选股.txt,筹码选股,sonnet_me,https://www.joinquant.com/post/30606,True,,"stock,etf",etf_rotation,"monthly,daily",every_bar,"valuation,financials,index_members,limit_price,index_bars",286,8e347f65a005,todo,,
y2023-053,y2023,2023年度精选策略/53.利用聚宽的数据库，研究基金.txt,利用聚宽的数据库，研究基金,,,False,,stock,etf_rotation,,,"valuation,financials,index_members,index_bars",179,6bfe2ec23721,todo,,
y2023-054,y2023,2023年度精选策略/54.ETF轮动策略-入门1.0.txt,ETF轮动策略-入门1.0,vzhb1998,https://www.joinquant.com/post/35136,True,y2023-015,"stock,etf",etf_rotation,daily,"15:30,9:30,open","minute_bars,limit_price,index_bars",290,d8722005b2ba,todo,,
y2023-055,y2023,2023年度精选策略/55.【分享】券商金股组合增强.txt,【分享】券商金股组合增强,Hugo2046,https://www.joinquant.com/post/33881,True,,"stock,option",ml,"monthly,weekly",,"jq_factors,minute_bars,index_bars",1157,6c7edf0ef4bc,todo,,
y2023-056,y2023,2023年度精选策略/56.韶华研究之五-ETF轮动，躺赚，夏普2.txt,韶华研究之五-ETF轮动，躺赚，夏普2,韶华不负,https://www.joinquant.com/post/32253,True,,"stock,etf",etf_rotation,daily,"11:15,20:00,21:00,7:00","industry,index_bars",335,e60642e66d27,todo,,
y2023-057,y2023,2023年度精选策略/57.韶华研究之四-菲阿里四阶在T+1的短线策略应用.txt,韶华研究之四-菲阿里四阶在T+1的短线策略应用,韶华不负,https://www.joinquant.com/post/32183,True,,"stock,etf",etf_rotation,"daily,bar","09:30,14:55,after_close,before_open","valuation,index_members,jq_factors,index_bars",324,b3cbb8cb9572,todo,,
y2023-058,y2023,2023年度精选策略/58.北向RSRS与布林带择时.txt,北向RSRS与布林带择时,韭菜001,https://www.joinquant.com/post/34253,True,,stock,northbound,daily,07:00,"financials,index_members,northbound,minute_bars,index_bars",237,1ca06cbc4d95,todo,,
y2023-059,y2023,2023年度精选策略/59.可能是最接近实盘的“基本面三角.txt,可能是最接近实盘的“基本面三角”,美吉姆优秀毕业代表,https://www.joinquant.com/post/34881,False,,"stock,etf",etf_rotation,daily,"7:00,open","financials,index_members,industry,jq_factors,minute_bars,limit_price,index_bars",393,445da08fc6da,todo,,
y2023-006,y2023,2023年度精选策略/6.21年度6.为了挣点积分自己实盘的策略分享出来.txt,如何删帖呢,iron911,https://www.joinquant.com/post/32660,True,y2021-081,"stock,etf",etf_rotation,daily,"11:30,13:00,14:40",index_bars,243,b4ffbfb4d757,todo,,
y2023-060,y2023,2023年度精选策略/60.抄底神器2.0，低回撤，高成功率，无未来函数.txt,抄底神器2.0，低回撤，高成功率，无未来函数,枫中忆荣,https://www.joinquant.com/post/31155,True,,"stock,etf",etf_rotation,"monthly,weekly,daily","9:30,after_close","valuation,financials,minute_bars,limit_price,index_bars",173,054f0344a1cc,todo,,
y2023-061,y2023,2023年度精选策略/61.分享一个最近两年非常有效的因子.txt,分享一个最近两年非常有效的因子,美吉姆优秀毕业代表,https://www.joinquant.com/post/33065,True,,"stock,etf",multi_factor,monthly,"before_open,open","jq_factors,index_bars",74,fe62eb7986fc,todo,,
y2023-062,y2023,2023年度精选策略/62.3年复合200+%收益+超低回撤11%以内，无惧大跌.txt,3年复合200+%收益+超低回撤11%以内，无惧大跌,Sunj3001,https://www.joinquant.com/post/32630,True,,"stock,etf",etf_rotation,daily,"09:35,09:58,14:37,14:38,14:39,14:53,before_open",index_bars,547,8ba1143f5f4e,todo,,
y2023-063,y2023,2023年度精选策略/63.A股最强板块动量趋势（最终版）.txt,A股最强板块动量趋势（最终版）,,,False,,stock,sector_rotation,,,"industry,index_bars",394,25c512eef49a,todo,,
y2023-064,y2023,2023年度精选策略/64.韶华研究之七--不可多得的基本面三角.txt,韶华研究之七--不可多得的基本面三角,韶华不负,https://www.joinquant.com/post/34544,False,,"stock,etf",etf_rotation,daily,"20:00,21:00,7:00,9:30","financials,index_members,jq_factors,limit_price,index_bars",318,c878935098e1,todo,,
y2023-065,y2023,2023年度精选策略/65.PB-POE+双均线--加入jq以来第一个成功的交易策略 一.txt,PB-POE+双均线--加入jq以来第一个成功的交易策略 一,帅帅Hiber,https://www.joinquant.com/post/35005,True,,stock,index_timing,daily,,"valuation,financials,index_bars",136,a0962a9e76df,todo,,
y2023-066,y2023,2023年度精选策略/66.基于动量和反转效应的沪深300成分股策略.txt,基于动量和反转效应的沪深300成分股策略,糯米糍本糍,https://www.joinquant.com/post/30350,True,,"stock,etf",etf_rotation,daily,"before_open,open","index_members,index_bars",132,444026236ea2,todo,,
y2023-068,y2023,2023年度精选策略/68.宽基BBI动量追涨，完美避开这波大跌~.txt,宽基BBI动量追涨，完美避开这波大跌~,将就,https://www.joinquant.com/post/32187,True,,"stock,etf",etf_rotation,"weekly,daily","11:15,14:30,9:15,9:34","jq_factors,minute_bars,index_bars",209,567821bbdb4e,todo,,
y2023-069,y2023,2023年度精选策略/69.选取向上趋势的股票.txt,选取向上趋势的股票,,,False,,stock,index_timing,,,"index_members,index_bars",129,9dd7b93bfa07,todo,,
y2023-007,y2023,2023年度精选策略/7.ETF动量轮动RSRS择时-魔改3小优化.txt,ETF动量轮动RSRS择时-魔改3小优化,莫急莫急,https://www.joinquant.com/post/35279,True,,"stock,etf",etf_rotation,daily,"15:30,9:30,open",index_bars,172,e853b55be636,todo,,
y2023-070,y2023,2023年度精选策略/70.回踩均线搏反弹，21年来70%，无未来（测试第一弹）.txt,回踩均线搏反弹，21年来70%，无未来（测试第一弹）,Mr.翟,https://www.joinquant.com/post/34394,True,,stock,index_timing,daily,"09:00,9:30","valuation,jq_factors,minute_bars,index_bars",391,25e8b38b75cf,todo,,
y2023-071,y2023,2023年度精选策略/71.lightGBM.txt,lightGBM,,,False,,stock,ml,,,limit_price,840,6ed72b3c2180,todo,,
y2023-072,y2023,2023年度精选策略/72.优化了一下宽基etf追涨的策略，值得深入研究.txt,优化了一下宽基etf追涨的策略，值得深入研究,将就,https://www.joinquant.com/post/32345,True,y2023-012,"stock,etf",etf_rotation,"weekly,daily","11:15,14:30,14:45,9:15,9:34","jq_factors,minute_bars,index_bars",244,1ff9511d5e55,todo,,
y2023-073,y2023,2023年度精选策略/73.MACD多周期共振，精准打击！.txt,MACD多周期共振，精准打击！,海枫,https://www.joinquant.com/post/33647,True,,stock,index_timing,daily,"10:00,10:30,11:00,11:30,13:00,13:30,14:00,9:30,after_close,before_open,every_bar,open","valuation,minute_bars,index_bars",311,c9627cb5e502,todo,,
y2023-074,y2023,2023年度精选策略/74.勾股神器2代码40行，年化一百点.txt,勾股神器2: 代码40行，年化一百点。,edjoin,https://www.joinquant.com/post/31510,True,,stock,northbound,daily,open,"financials,index_members,northbound,index_bars",44,9d6649fdf909,todo,,
y2023-075,y2023,2023年度精选策略/75.机器学习策略分享.txt,机器学习策略分享,leo713,https://www.joinquant.com/post/33840,True,,stock,ml,daily,open,"valuation,financials,index_members,industry,jq_factors,index_bars",381,0af14dc0a7fa,todo,,
y2023-076,y2023,2023年度精选策略/76.半年6.5倍--次新股排板一式.txt,半年6.5倍--次新股排板一式,游资小码哥,https://www.joinquant.com/post/34040,True,,"stock,etf",etf_rotation,daily,"after_close,before_open,every_bar","ticks,minute_bars,limit_price,index_bars",284,6b80ab6462c3,todo,,
y2023-077,y2023,2023年度精选策略/77.【基金增强思考2.0】优秀基金的持续性与周期的关系密不可分.txt,【基金增强思考2.0】优秀基金的持续性与周期的关系密不可分,潜水的白鱼,https://www.joinquant.com/post/34966,True,,"stock,etf",etf_rotation,monthly,open,index_bars,128,b076777192f8,todo,,
y2023-078,y2023,2023年度精选策略/78.EPS+MS因子的大盘蓝筹策略.txt,EPS+MS因子的大盘蓝筹策略,wywy1995,https://www.joinquant.com/post/34372,True,,stock,multi_factor,daily,"15:30,9:30","valuation,index_members,jq_factors,minute_bars,limit_price,index_bars",246,a1a72e6dd4e4,todo,,
y2023-079,y2023,2023年度精选策略/79.过滤两个因子，12年15倍的roa选股500指数增强.txt,过滤两个因子，12年15倍的roa选股500指数增强,将就,https://www.joinquant.com/post/30484,True,,stock,multi_factor,daily,,"valuation,financials,index_members,industry,concept,jq_factors,limit_price,index_bars",546,2bfa6a28c1bf,todo,,
y2023-008,y2023,2023年度精选策略/8.iAlpha 基金投资策略.txt,iAlpha 基金投资策略,Gyro,https://www.joinquant.com/post/30024,False,,"stock,etf",etf_rotation,monthly,,,43,3f2ba65f4b2f,todo,,
y2023-080,y2023,2023年度精选策略/80.趋与势的量化定义.txt,趋与势的量化定义,,,False,,stock,other,,,index_bars,808,47f4244f0dd4,todo,,
y2023-081,y2023,2023年度精选策略/81.拥挤率指标-择时大盘顶底-Clone1-第二版.txt,拥挤率指标-择时大盘顶底-Clone1-第二版,,,False,,stock,index_timing,,,index_bars,202,d0350173eed2,todo,,
y2023-082,y2023,2023年度精选策略/82.势的度量.txt,势的度量,,,False,,stock,other,,,,312,0d97a4f872dd,todo,,
y2023-083,y2023,2023年度精选策略/83.韶华研究之一，布林突破+均线金叉，四年五倍.txt,韶华研究之一，布林突破+均线金叉，四年五倍,韶华不负,https://www.joinquant.com/post/32129,True,,"stock,etf",index_timing,daily,"14:05,14:55,20:00,21:00,22:00,9:45,before_open,open","valuation,financials,limit_price,index_bars",515,2b199cb1b5d3,todo,,
y2023-084,y2023,2023年度精选策略/84.对 二板排板战法 的部分优化.txt,对 二板排板战法 的部分优化,xloong,https://www.joinquant.com/post/34053,True,,"stock,etf",etf_rotation,daily,"after_close,before_open,every_bar","valuation,ticks,minute_bars,limit_price,index_bars",441,fc2114de936c,todo,,
y2023-085,y2023,2023年度精选策略/85.最新解密--追涨龙头打板策略-适合近期实盘行情.txt,最新解密--追涨龙头打板策略-适合近期实盘行情,GoodThinker,https://www.joinquant.com/post/33126,True,,"stock,etf",limit_board,daily,"09:33,14:50,9:40,after_close,before_open","industry,limit_price,index_bars",298,c1421159e3d1,todo,,
y2023-086,y2023,2023年度精选策略/86.【基本面三角3.0】看过之前策略的就略过吧.txt,【基本面三角3.0】看过之前策略的就略过吧,潜水的白鱼,https://www.joinquant.com/post/34876,False,,"stock,etf",etf_rotation,daily,"15:00,7:00,9:30,9:32","financials,index_members,industry,jq_factors,limit_price,index_bars",411,bec7167928cf,todo,,
y2023-087,y2023,2023年度精选策略/87.【股指期货】收盘折溢价策略.txt,【股指期货】收盘折溢价策略,魔术先生,https://www.joinquant.com/post/30028,True,y2021-072,"stock,futures",futures,daily,"09:00,10:00,14:59,15:30","minute_bars,limit_price,index_bars",195,b2051102a114,todo,,
y2023-088,y2023,2023年度精选策略/88.韶华研究之二，顺势而为，年化140.txt,韶华研究之二，顺势而为，年化140,韶华不负,https://www.joinquant.com/post/32130,True,,"stock,etf",etf_rotation,daily,"21:00,after_close,before_open,open","valuation,financials,index_members,industry,index_bars",333,f3adfad81655,todo,,
y2023-089,y2023,2023年度精选策略/89.2019年到现在90多倍的新策略.txt,2019年到现在90多倍的新策略,勤为径也,https://www.joinquant.com/post/34521,True,,"stock,etf",etf_rotation,"daily,bar","after_close,before_open,every_bar","financials,limit_price,index_bars",101,1d132c408b37,todo,,
y2023-009,y2023,2023年度精选策略/9.10倍-二板排板战法优化-无未来函数.txt,10倍-二板排板战法优化-无未来函数,游资小码哥,https://www.joinquant.com/post/34141,True,y2023-084,"stock,etf",etf_rotation,daily,"after_close,before_open,every_bar","valuation,ticks,minute_bars,limit_price,index_bars",445,2eafd48ebc01,todo,,
y2023-090,y2023,2023年度精选策略/90.一个月轮动股票换仓，内日做T，相对高频交易.txt,一个月轮动股票换仓，内日做T，相对高频交易,Pengpengpeng,https://www.joinquant.com/post/34847,True,,stock,value_dividend,"monthly,daily",every_bar,"valuation,index_members,industry,jq_factors,minute_bars,limit_price,index_bars",469,b090b10b4b22,todo,,
y2023-091,y2023,2023年度精选策略/91.致敬市场--4 解析细节.txt,致敬市场(4)--解析细节,Gyro,https://www.joinquant.com/post/33312,True,,stock,value_dividend,monthly,,"financials,index_members",113,b3f42fac13f9,todo,,
y2023-092,y2023,2023年度精选策略/92.【超跌反弹v1.0】3年2.3倍的超跌反弹小牛股.txt,【超跌反弹v1.0】3年2.3倍的超跌反弹小牛股,_查尔斯葱_,https://www.joinquant.com/post/35377,True,,stock,value_dividend,daily,"14:55,9:30,after_close,before_open","valuation,financials,index_members,index_bars",218,58b6e72c506f,todo,,
y2023-093,y2023,2023年度精选策略/93.布林线追龙头战法.txt,布林线追龙头战法,fishsome,https://www.joinquant.com/post/31867,True,,"stock,etf",limit_board,daily,"after_close,before_open,open","valuation,financials,index_members,index_bars",157,5c293d961b7f,todo,,
y2023-094,y2023,2023年度精选策略/94.可转债回测.txt,可转债回测,,,False,,conv_bond,conv_bond,,,,210,074cfffc5618,todo,,
y2023-095,y2023,2023年度精选策略/95.【复现】高频价量相关性，意想不到的选股因子.txt,【复现】高频价量相关性，意想不到的选股因子,Hugo2046,https://www.joinquant.com/post/36016,True,,stock,multi_factor,daily,10:30,"index_members,index_bars",122,24a5fc73eaf8,todo,,
y2023-096,y2023,2023年度精选策略/96.市场宽度20210622.txt,市场宽度20210622,,,False,,stock,grid,,,"valuation,industry",117,355249a376ce,todo,,
y2023-097,y2023,2023年度精选策略/97.韶华研究之六，简单不一样的发现趋势，3年6倍.txt,韶华研究之六，简单不一样的发现趋势，3年6倍,韶华不负,https://www.joinquant.com/post/32797,False,,"stock,etf",index_timing,"monthly,weekly,daily","07:00,09:30,14:55,20:00,21:00","valuation,index_members,minute_bars,index_bars",341,93fbbdf2a15c,todo,,
y2023-098,y2023,2023年度精选策略/98.欧奈尔CANSLIM策略初探三.txt,欧奈尔CANSLIM策略初探三,韭菜饺子,https://www.joinquant.com/post/30806,True,,"stock,etf",etf_rotation,"monthly,daily","after_close,before_open,every_bar","valuation,financials,minute_bars,index_bars",282,34c4f67e5679,todo,,
y2023-099,y2023,2023年度精选策略/99.全市场选股？7年5倍不择时，回撤30%左右.txt,全市场选股？7年5倍不择时，回撤30%左右,Jacobb75,https://www.joinquant.com/post/35307,True,,"stock,etf",index_timing,"monthly,weekly","11:30,9:45","valuation,financials,limit_price,index_bars",271,d8a0ab093c89,todo,,
y2024a-001,y2024a,2024年度精选策略1/1.差不多得了.txt,差不多得了,wywy1995,https://www.joinquant.com/post/40981,True,,stock,limit_board,"weekly,daily",,"valuation,financials,jq_factors,minute_bars,limit_price,index_bars",316,c51a807fb839,todo,,
y2024a-010,y2024a,2024年度精选策略1/10.多因子宽基ETF择时轮动改进版-高收益大资金低回撤.txt,多因子宽基ETF择时轮动改进版-高收益大资金低回撤,养家大哥,https://www.joinquant.com/post/41718,True,,"stock,etf",etf_rotation,daily,"11:25,11:27,15:10,7:00,9:30,9:35,open","financials,minute_bars,index_bars",333,95faba69b82a,todo,,
y2024a-100,y2024a,2024年度精选策略1/100.全市场归因.txt,全市场归因,,,False,,stock,multi_factor,,,"valuation,index_members,industry,jq_factors,limit_price,index_bars",833,e601fd83e85e,todo,,
y2024a-011,y2024a,2024年度精选策略1/11.低价小盘简单有效.txt,低价小盘简单有效,wywy1995,https://www.joinquant.com/post/39788,True,,stock,small_cap,"weekly,daily","14:00,15:10,9:05,9:30","valuation,financials,jq_factors,minute_bars,limit_price,index_bars",219,0725ff574a71,todo,,
y2024a-012,y2024a,2024年度精选策略1/12.致敬聚宽机器学习多因子50只持仓14年37倍.txt,"致敬聚宽: 机器学习多因子,50只持仓,14年37倍",Gyro^.^,https://www.joinquant.com/post/41917,True,,stock,ml,daily,,"valuation,financials,index_members,industry",109,0f3fab83cc66,todo,,
y2024a-013,y2024a,2024年度精选策略1/13.5年15倍的收益，年化79.93%，可实盘，拿走不谢！.txt,5年15倍的收益，年化79.93%，可实盘，拿走不谢！,langcheng999,https://www.joinquant.com/post/45510,True,,stock,small_cap,"monthly,daily","14:00,14:55,9:05,9:30,after_close","valuation,financials,jq_factors,minute_bars,dividend,limit_price,index_bars",393,99ded26ab7e3,todo,,
y2024a-014,y2024a,2024年度精选策略1/14.四年多翻9倍，年化73%，成长因子评分筛选.txt,四年多翻9倍，年化73%，成长因子评分筛选,wolfman,https://www.joinquant.com/post/42677,True,,stock,multi_factor,"weekly,daily","15:10,9:30","valuation,financials,jq_factors,minute_bars,limit_price,index_bars",200,136604936203,todo,,
y2024a-015,y2024a,2024年度精选策略1/15.10年52倍，年化59%，全新因子方法超稳定.txt,10年52倍，年化59%，全新因子方法超稳定,小白F,https://www.joinquant.com/post/44699,True,,stock,multi_factor,"weekly,daily",,"valuation,financials,industry,jq_factors,minute_bars,limit_price,index_bars",285,0343d0d4acd8,todo,,
y2024a-016,y2024a,2024年度精选策略1/16.大市值价值投资，从2005年至今超额稳定.txt,大市值价值投资，从2005年至今超额稳定,Ahfu,https://www.joinquant.com/post/41921,True,,stock,value_dividend,"monthly,daily","5:00,9:30,after_close","valuation,financials,limit_price,index_bars",158,6d0113cf0ab4,todo,,
y2024a-017,y2024a,2024年度精选策略1/17.5年超额收益1055%，K线处理大阴线，无未来.txt,5年超额收益1055%，K线处理大阴线，无未来,hello friends,https://www.joinquant.com/post/41175,True,,stock,small_cap,"weekly,daily","09:30,14:00,9:05,9:30","valuation,financials,jq_factors,limit_price,index_bars",294,9c7dd5a4f118,todo,,
y2024a-018,y2024a,2024年度精选策略1/18.微盘股研究.txt,微盘股研究,Gyro^.^,https://www.joinquant.com/post/44563,True,,stock,small_cap,daily,"9:35,after_close,before_open","valuation,limit_price",87,201454a3a47c,todo,,
y2024a-019,y2024a,2024年度精选策略1/19.高股息低市盈率高增长的价投策略.txt,高股息低市盈率高增长的价投策略,芹菜1303,https://www.joinquant.com/post/45552,True,,stock,value_dividend,bar,,"valuation,financials,minute_bars,dividend,limit_price,index_bars",203,9431a8e7d65d,todo,,
y2024a-002,y2024a,2024年度精选策略1/2.“7年40倍”策略扩容到50只.txt,“7年40倍”策略扩容到50只,wywy1995,https://www.joinquant.com/post/39960,True,,stock,small_cap,"weekly,daily","14:00,15:10,9:05,9:30","valuation,financials,minute_bars,limit_price,index_bars",292,62003df231c7,todo,,
y2024a-020,y2024a,2024年度精选策略1/20.有赚就好-小市值剥头皮改进 2年3.86%回撤.txt,有赚就好-小市值剥头皮改进 2年3.86%回撤,CMA,https://www.joinquant.com/post/43965,True,,stock,small_cap,daily,"10:30,9:30","valuation,minute_bars,limit_price,index_bars",110,a8d801d58038,todo,,
y2024a-021,y2024a,2024年度精选策略1/21.一种宏观数据的中长线策略，年化15%，最大回撤9%.txt,一种宏观数据的中长线策略，年化15%，最大回撤9%,Acne Studio,https://www.joinquant.com/post/40154,True,,"stock,etf",etf_rotation,daily,14:55,"minute_bars,macro,index_bars",286,5d55e30ef811,todo,,
y2024a-022,y2024a,2024年度精选策略1/22.菜场大妈皇城大妈年化108大妈吉祥.txt,菜场大妈！皇城大妈！年化108%！大妈吉祥！,Clarence.罗,https://www.joinquant.com/post/40850,True,,stock,small_cap,"monthly,daily","14:00,14:30,15:01,9:05,9:30","valuation,financials,minute_bars,dividend,limit_price,index_bars",383,81d88be862e0,todo,,
y2024a-023,y2024a,2024年度精选策略1/23.wywy1995大神机器学习策略年化提升35pt.txt,wywy1995大神机器学习策略年化提升35pt,斯科尔斯,https://www.joinquant.com/post/41155,True,,stock,ml,"weekly,daily","13:00,15:10,9:05,9:26,9:30","valuation,financials,jq_factors,minute_bars,limit_price,index_bars",313,ff5cbcfecdd8,todo,,
y2024a-024,y2024a,2024年度精选策略1/24.凑波热闹，也来试试多因子线性回归.txt,凑波热闹，也来试试多因子线性回归,Plisking,https://www.joinquant.com/post/42371,True,,stock,multi_factor,"weekly,daily",,"valuation,financials,jq_factors,minute_bars,limit_price,index_bars",343,0c475fdbbada,todo,,
y2024a-025,y2024a,2024年度精选策略1/25.低价股优化，18年至今10625.40%，已加防未来函数.txt,低价股优化，18年至今10625.40%，已加防未来函数,南国草,https://www.joinquant.com/post/40992,True,,stock,small_cap,"weekly,daily","09:31,after_close,before_open,every_bar",index_bars,196,d9e4fe2d88b8,todo,,
y2024a-026,y2024a,2024年度精选策略1/26.【深度解析 六】高股息率-低PEG-低股价 模型.txt,【深度解析 六】高股息率-低PEG-低股价 模型,加百力,https://www.joinquant.com/post/44487,True,,stock,value_dividend,"monthly,daily","10:00,14:40,14:55,16:00,9:00","valuation,financials,minute_bars,dividend,limit_price,index_bars",387,4b6026d94cda,todo,,
y2024a-027,y2024a,2024年度精选策略1/27.根据大小盘相对强弱选择合适的板块股票进行交易.txt,根据大小盘相对强弱选择合适的板块股票进行交易,Jacobb75,https://www.joinquant.com/post/43540,True,,stock,small_cap,monthly,"11:00,11:15","valuation,financials,index_members,jq_factors,limit_price,index_bars",401,813712769ddb,todo,,
y2024a-028,y2024a,2024年度精选策略1/28.正黄旗大妈选股法，修改版，年化92%.txt,正黄旗大妈选股法，修改版，年化92%,oupian,https://www.joinquant.com/post/40139,True,,stock,small_cap,"monthly,daily","14:00,14:30,9:05,9:30","valuation,financials,minute_bars,dividend,limit_price,index_bars",261,75c5558cb0e7,todo,,
y2024a-029,y2024a,2024年度精选策略1/29.高增股池小市值轮动.txt,高增股池小市值轮动,倚A听风雨,https://www.joinquant.com/post/45110,True,,stock,small_cap,"weekly,daily","09:25,09:30,14:40","valuation,financials,minute_bars,limit_price,index_bars",235,f7dc33b105dc,todo,,
y2024a-003,y2024a,2024年度精选策略1/3.【回顾3】ETF策略之核心资产轮动.txt,【回顾3】ETF策略之核心资产轮动,wywy1995,https://www.joinquant.com/post/42673,True,,"stock,etf",etf_rotation,daily,,index_bars,78,437a3f19f060,todo,,
y2024a-030,y2024a,2024年度精选策略1/30.挖掘中国特色的估值体系投资机会，年化150%+.txt,挖掘中国特色的估值体系投资机会，年化150%+,子匀,https://www.joinquant.com/post/41763,True,,stock,value_dividend,"weekly,daily","14:00,15:10,8:00,8:05,9:30","valuation,industry,jq_factors,minute_bars,limit_price,index_bars",248,87c80d57417b,todo,,
y2024a-031,y2024a,2024年度精选策略1/31.动量因子加RSRS择时和ETF轮动每日调仓.txt,动量因子加RSRS择时和ETF轮动每日调仓,wentaogg,https://www.joinquant.com/post/42949,True,,"stock,etf",etf_rotation,"weekly,daily",9:45,index_bars,191,8ee830377a44,todo,,
y2024a-032,y2024a,2024年度精选策略1/32.非线性市值（非小市值）组合4只.txt,非线性市值（非小市值）组合4只,璐璐202006,https://www.joinquant.com/post/42211,True,,stock,small_cap,"monthly,daily",,"valuation,financials,minute_bars,limit_price",345,e3bb3402afe7,todo,,
y2024a-033,y2024a,2024年度精选策略1/33.年化46.77，alpha191因子选股.txt,年化46.77，alpha191因子选股,小白F,https://www.joinquant.com/post/44491,True,,stock,multi_factor,bar,,"valuation,financials,index_members,jq_factors,limit_price,index_bars",242,3bc35a7afd1a,todo,,
y2024a-034,y2024a,2024年度精选策略1/34.韶华研究之十八，201系列.txt,韶华研究之十八，201系列,韶华不负,https://www.joinquant.com/post/44907,False,,"stock,etf",etf_rotation,"daily,bar","09:26,09:30,10:30,13:30,14:55,20:00,21:00,7:00","valuation,index_members,jq_factors,money_flow,call_auction,minute_bars,limit_price,index_bars",487,7ddbc9716edc,todo,,
y2024a-035,y2024a,2024年度精选策略1/35.5年12倍-小市值.txt,5年12倍-小市值,道尘,https://www.joinquant.com/post/44880,True,,stock,small_cap,"weekly,daily","14:00,15:10,9:05,9:30","valuation,financials,industry,jq_factors,minute_bars,limit_price,index_bars",348,7fdd4ca47b68,todo,,
y2024a-036,y2024a,"2024年度精选策略1/36.【菜场大妈】股息率小市值策略,10年206倍,5年10.8倍.txt","【菜场大妈】股息率小市值策略,10年206倍,5年10.8倍",120022,https://www.joinquant.com/post/45261,True,,stock,small_cap,"monthly,daily","14:00,14:55,9:05,9:30,after_close","valuation,financials,minute_bars,dividend,limit_price,index_bars",286,10bc142e232e,todo,,
y2024a-037,y2024a,2024年度精选策略1/37.【择时模块实际效果】--论坛随便选了个策略加装.txt,【择时模块实际效果】--论坛随便选了个策略加装,一只皮卡丘,https://www.joinquant.com/post/40237,True,,stock,index_timing,daily,"14:00,15:10,9:05,9:40","valuation,financials,jq_factors,minute_bars,limit_price,index_bars",304,4a99cd165076,todo,,
y2024a-038,y2024a,2024年度精选策略1/38.ETF核心资产轮动-添油加醋.txt,ETF核心资产轮动-添油加醋,hayy,https://www.joinquant.com/post/44046,True,,"stock,etf",etf_rotation,daily,,,122,0e1415cfcb53,todo,,
y2024a-039,y2024a,2024年度精选策略1/39.大资金优质股策略，总收益1217%！无小市值因子！.txt,大资金优质股策略，总收益1217%！无小市值因子！,hello friends,https://www.joinquant.com/post/42029,True,,stock,small_cap,"monthly,weekly,daily","14:00,9:05,9:30","valuation,financials,industry,jq_factors,limit_price,index_bars",198,f8b6b5b809cf,todo,,
y2024a-004,y2024a,2024年度精选策略1/4.首板低开策略.txt,首板低开策略,wywy1995,https://www.joinquant.com/post/44901,True,,stock,limit_board,daily,,"jq_factors,limit_price",220,953a46add178,todo,,
y2024a-040,y2024a,2024年度精选策略1/40.14年初到23年7月，年化37，夏普1.25，稳健高收益！.txt,14年初到23年7月，年化37，夏普1.25，稳健高收益！,侧耳闻鹿鸣,https://www.joinquant.com/post/43194,True,,stock,value_dividend,weekly,,"valuation,index_members,index_bars",80,2b2871e404ae,todo,,
y2024a-041,y2024a,2024年度精选策略1/41.人工智能强化学习DQN交易智能体（回馈社区公开训练代码）.txt,人工智能强化学习DQN交易智能体（回馈社区公开训练代码）,MarioC,https://www.joinquant.com/post/44758,True,,stock,ml,"weekly,daily",,jq_factors,138,bf4f31552297,todo,,
y2024a-042,y2024a,2024年度精选策略1/42.大盘ETF动量轮动RSRS择时策略-无纳指（5年半861%）.txt,大盘ETF动量轮动RSRS择时策略-无纳指（5年半861%）,Gerald3,https://www.joinquant.com/post/43375,True,y2024a-010,"stock,etf",etf_rotation,daily,"11:25,11:27,15:10,7:00,9:30,9:35,open","financials,minute_bars,index_bars",317,03236e7dbf92,todo,,
y2024a-043,y2024a,2024年度精选策略1/43.ETF轮动：年化收益82.68%，最大回撤13.54%.txt,ETF轮动：年化收益82.68%，最大回撤13.54%,小武子,https://www.joinquant.com/post/43083,True,,"stock,etf",etf_rotation,daily,,index_bars,101,a8dbf037d749,todo,,
y2024a-044,y2024a,2024年度精选策略1/44.分享一个兼顾业绩增长和PEG指标的股票策略.txt,分享一个兼顾业绩增长和PEG指标的股票策略,芹菜1303,https://www.joinquant.com/post/42593,True,,stock,value_dividend,daily,"15:30,9:30","valuation,financials,jq_factors,minute_bars,limit_price,index_bars",334,58c1d24845c1,todo,,
y2024a-045,y2024a,"2024年度精选策略1/45.[原创]价值投资+期货对冲V4.0,无惧市场大跌.txt","[原创]价值投资+期货对冲V4.0,无惧市场大跌",Eddie79163,https://www.joinquant.com/post/42256,True,,"stock,futures",futures,daily,"10:00,10:15,10:30,10:45,11:00,11:15,11:25,13:00,13:15,13:30,13:45,14:00,14:15,14:30,14:45,9:00,9:45","valuation,financials,index_members,jq_factors,dividend,index_bars",354,0421d4f69fcf,todo,,
y2024a-046,y2024a,2024年度精选策略1/46.【深度解析 四】聚宽三因子基本面 模型.txt,【深度解析 四】聚宽三因子基本面 模型,加百力,https://www.joinquant.com/post/44409,True,,stock,multi_factor,"monthly,weekly,daily","09:40,14:00,15:30,9:00","valuation,financials,jq_factors,minute_bars,limit_price,index_bars",723,7a0746459f03,todo,,
y2024a-047,y2024a,2024年度精选策略1/47.随机森林量价多因子选股 短线交易.txt,随机森林量价多因子选股 短线交易,随云浪,https://www.joinquant.com/post/43051,True,,"stock,etf",ml,daily,"09:30,14:59,after_close,before_open","index_members,jq_factors,limit_price,index_bars",186,714b1ebadf54,todo,,
y2024a-048,y2024a,2024年度精选策略1/48.低代码迁移成本的实盘方案jqtrade+one quant.txt,低代码迁移成本的实盘方案:jqtrade+one quant,拉姆达投资,https://www.joinquant.com/post/45671,False,,stock,small_cap,daily,"09:40,15:30","valuation,index_members,minute_bars,limit_price,index_bars",147,ee3d5958a173,todo,,
y2024a-049,y2024a,2024年度精选策略1/49.年化62%的动量策略.txt,年化62%的动量策略,逸_,https://www.joinquant.com/post/39838,True,,stock,multi_factor,daily,"15:30,before_open,open","jq_factors,index_bars",143,31ede8b8c288,todo,,
y2024a-005,y2024a,2024年度精选策略1/5.尝试用机器学习批量生产小盘策略.txt,尝试用机器学习批量生产小盘策略,wywy1995,https://www.joinquant.com/post/40346,True,,stock,ml,"weekly,daily","14:00,15:10,9:05,9:30","valuation,financials,jq_factors,minute_bars,limit_price,index_bars",224,c58e34d2795d,todo,,
y2024a-050,y2024a,2024年度精选策略1/50.新策略，一种新思路，超额376%！.txt,新策略，一种新思路，超额376%！,hello friends,https://www.joinquant.com/post/40560,True,,stock,small_cap,"monthly,weekly,daily","14:00,9:05,9:30","valuation,financials,jq_factors,limit_price,index_bars",259,08b406153fe2,todo,,
y2024a-051,y2024a,2024年度精选策略1/51.【复现】行业有效量价因子与行业轮动策略.txt,【复现】行业有效量价因子与行业轮动策略,,,False,,stock,sector_rotation,,,,682,5db03cbbdddd,todo,,
y2024a-052,y2024a,2024年度精选策略1/52.增强型投资组合优化（EPO）方法试用.txt,增强型投资组合优化（EPO）方法试用,开心果,https://www.joinquant.com/post/43949,True,,"stock,etf",etf_rotation,monthly,,index_bars,105,0baad6159f87,todo,,
y2024a-053,y2024a,2024年度精选策略1/53.微盘400每日再平衡.txt,微盘400每日再平衡,开心果,https://www.joinquant.com/post/44853,True,,stock,small_cap,daily,,"valuation,financials,index_bars",64,daf43af3d722,todo,,
y2024a-054,y2024a,2024年度精选策略1/54.追市场热点策略.txt,追市场热点策略,养家大哥,https://www.joinquant.com/post/42186,True,,"stock,etf",etf_rotation,"weekly,daily","13:30,13:31,7:00,9:30,9:31,after_close","financials,industry,concept,minute_bars,limit_price,index_bars",314,1a3ac1864449,todo,,
y2024a-055,y2024a,2024年度精选策略1/55.Ahfu的大市值价值投资加自定义邮箱推送.txt,Ahfu的大市值价值投资加自定义邮箱推送,不如定投纳指,https://www.joinquant.com/post/43159,True,,stock,value_dividend,"monthly,daily","14:30,15:10,9:05,9:30,after_close","valuation,financials,minute_bars,limit_price,index_bars",293,56c445365fc5,todo,,
y2024a-056,y2024a,2024年度精选策略1/56.双人工智能配合，样本外夏普3.9.txt,双人工智能配合，样本外夏普3.9,MarioC,https://www.joinquant.com/post/44982,True,,stock,limit_board,"monthly,weekly,daily",14:00,"valuation,financials,industry,jq_factors,minute_bars,limit_price,index_bars",473,4cabe7bc126d,todo,,
y2024a-057,y2024a,2024年度精选策略1/57.【复现】技术分析算法、框架与实战之二：识别“圆弧底”.txt,【复现】技术分析算法、框架与实战之二：识别“圆弧底”,,,False,,futures,futures,,,industry,99,ed78d7727eaa,todo,,
y2024a-058,y2024a,"2024年度精选策略1/58.融券做空,3年35倍多！已模拟2年半，动态跑盘收益惊人！.txt","融券做空,3年35倍多！已模拟2年半，动态跑盘收益惊人！",naruto,https://www.joinquant.com/post/41913,True,,"stock,etf",etf_rotation,daily,"14:55,after_close,before_open,open","minute_bars,limit_price,index_bars",129,0111ad25c918,todo,,
y2024a-059,y2024a,2024年度精选策略1/59.基于Gyro^.^大神的小市值策略的因子匹配研究.txt,基于Gyro^.^大神的小市值策略的因子匹配研究,热情的刀,https://www.joinquant.com/post/45272,True,,stock,small_cap,daily,"9:35,after_close,before_open","valuation,financials,limit_price",170,224ac31588d5,todo,,
y2024a-006,y2024a,2024年度精选策略1/6.高股息低杠杆小市值轮动策略.txt,高股息低杠杆小市值轮动策略,wywy1995,https://www.joinquant.com/post/39774,True,,stock,small_cap,"weekly,daily","14:00,15:10,9:05,9:30","valuation,financials,jq_factors,minute_bars,dividend,limit_price,index_bars",299,172d9f3c4585,todo,,
y2024a-060,y2024a,2024年度精选策略1/60.【深度解析 二】资产负债与ROA模型.txt,【深度解析 二】资产负债与ROA模型,加百力,https://www.joinquant.com/post/44328,True,,stock,other,monthly,10:00,"valuation,financials,limit_price,index_bars",355,ddfdc8a4c318,todo,,
y2024a-061,y2024a,2024年度精选策略1/61.聚类算法分析股票，看看今年大体能分出哪几类.txt,聚类算法分析股票，看看今年大体能分出哪几类,,,False,,stock,ml,,,"valuation,financials,index_members,industry,jq_factors,index_bars",209,758e148d2092,todo,,
y2024a-062,y2024a,2024年度精选策略1/62.分享一种K线小碎步后突破的分钟级打法.txt,分享一种K线小碎步后突破的分钟级打法,画家,https://www.joinquant.com/post/45425,True,,stock,index_timing,daily,"14:40,8:30,9:30,every_bar","valuation,financials,jq_factors,minute_bars,limit_price",561,3c2724114585,todo,,
y2024a-063,y2024a,2024年度精选策略1/63.怎么让龟速变奔跑？以“首版突破一进二”为例.txt,怎么让龟速变奔跑？以“首版突破一进二”为例,jqz1226,https://www.joinquant.com/post/45733,True,,stock,limit_board,daily,"before_open,every_bar","valuation,minute_bars,limit_price,index_bars",189,9b28fd781369,todo,,
y2024a-064,y2024a,2024年度精选策略1/64.基于XGBoost6m滚动选股策略.txt,基于XGBoost_6m滚动选股策略,雨汪,https://www.joinquant.com/post/42706,True,,"stock,etf",ml,daily,"14:30,9:05,9:30","valuation,financials,index_members,industry,jq_factors,minute_bars,dividend,limit_price,index_bars",711,40f4497d3324,todo,,
y2024a-065,y2024a,2024年度精选策略1/65.低开买入小市值策略（剥头皮策略）3.0 总结.txt,低开买入小市值策略（剥头皮策略）3.0 总结,langcheng999,https://www.joinquant.com/post/45324,True,,stock,limit_board,daily,"9:26,9:27,9:30","valuation,call_auction,limit_price,index_bars",151,96e9b5a11ffd,todo,,
y2024a-066,y2024a,2024年度精选策略1/66.SVR机器学习上证综指择时中小板财务选股策略.txt,SVR机器学习上证综指择时中小板财务选股策略,快乐一生,https://www.joinquant.com/post/45845,True,,stock,ml,daily,"9:00,9:30","valuation,financials,index_members,industry,index_bars",316,8201a4d68e98,todo,,
y2024a-068,y2024a,2024年度精选策略1/68.业绩预告小工具--已更新.txt,业绩预告小工具--已更新,,,False,,stock,grid,,,"valuation,financials,industry",297,a665307b7afe,todo,,
y2024a-069,y2024a,2024年度精选策略1/69.人工智能早晨十字星模型反转形态预测.txt,人工智能早晨十字星模型（反转形态预测）,MarioC,https://www.joinquant.com/post/44949,True,,stock,limit_board,"monthly,weekly,daily",,"industry,jq_factors,minute_bars,limit_price,index_bars",361,8daf059b08a1,todo,,
y2024a-007,y2024a,2024年度精选策略1/7.连板龙头策略.txt,连板龙头策略,wywy1995,https://www.joinquant.com/post/44926,True,,stock,limit_board,daily,,"valuation,concept,jq_factors,northbound,limit_price",400,36d9ab13955f,todo,,
y2024a-070,y2024a,2024年度精选策略1/70.致敬市场(12)——赚钱的策略.txt,致敬市场(12)——赚钱的策略,Gyro^.^,https://www.joinquant.com/post/41444,True,,stock,other,daily,10:00,index_members,53,e8754f26e4de,todo,,
y2024a-071,y2024a,2024年度精选策略1/71.小试多因子策略，年化65%.txt,小试多因子策略，年化65%,乘风万里,https://www.joinquant.com/post/42841,True,,stock,multi_factor,"weekly,daily","14:00,15:10,9:05,9:30","valuation,financials,jq_factors,minute_bars,limit_price,index_bars",293,586cb7d2d8e3,todo,,
y2024a-072,y2024a,2024年度精选策略1/72.桥水 全天候策略 增加一致性度量ES 风险控制.txt,桥水 全天候策略 增加一致性度量ES 风险控制,aiyquant,https://www.joinquant.com/post/41908,True,,"stock,etf",etf_rotation,"monthly,daily","after_close,before_open,open",index_bars,257,b30d9ba30a2e,todo,,
y2024a-073,y2024a,2024年度精选策略1/73.稳健趋势策略，回测小，无未来函数.txt,稳健趋势策略，回测小，无未来函数,语桐,https://www.joinquant.com/post/43393,True,y2023-099,"stock,etf",index_timing,"monthly,weekly","11:30,9:45","valuation,financials,limit_price,index_bars",258,5853cffa4791,todo,,
y2024a-074,y2024a,2024年度精选策略1/74.形态识别_单边上涨v3.txt,形态识别_单边上涨v3,伺底而动,https://www.joinquant.com/post/45406,True,,"stock,etf",etf_rotation,daily,"14:00,14:55,before_open","valuation,minute_bars,limit_price,index_bars",249,731163de951f,todo,,
y2024a-075,y2024a,2024年度精选策略1/75.【复现】个股动量效应的识别及球队硬币因子.txt,【复现】个股动量效应的识别及球队硬币因子,,,False,,stock,multi_factor,,,,597,332bb89efd66,todo,,
y2024a-076,y2024a,2024年度精选策略1/76.基金溢价（模拟效果好！）.txt,基金溢价（模拟效果好！）,大山深处,https://www.joinquant.com/post/45648,True,,"stock,etf",etf_rotation,daily,,index_bars,237,66a57814941f,todo,,
y2024a-077,y2024a,2024年度精选策略1/77.【复现】筹码分布因子.txt,【复现】筹码分布因子,,,False,,stock,multi_factor,,,,483,46bd5b33db08,todo,,
y2024a-078,y2024a,2024年度精选策略1/78.国盛证券多因子.txt,国盛证券多因子,璇天凤舞,https://www.joinquant.com/post/43307,True,,"stock,etf",multi_factor,weekly,"9:31,after_close,before_open","valuation,index_members,minute_bars,dividend,limit_price,index_bars",256,2b502dd6bd3d,todo,,
y2024a-079,y2024a,2024年度精选策略1/79.SVR选股的小市值策略.txt,SVR选股的小市值策略,南澳,https://www.joinquant.com/post/41611,True,,stock,small_cap,"monthly,weekly,daily","before_open,close","valuation,financials,jq_factors,minute_bars,limit_price,index_bars",258,7f84435b97b9,todo,,
y2024a-008,y2024a,2024年度精选策略1/8.科技与狠活.txt,科技与狠活,wywy1995,https://www.joinquant.com/post/39961,True,,stock,small_cap,"weekly,daily","14:00,15:10,9:05,9:40","valuation,financials,jq_factors,minute_bars,limit_price,index_bars",275,0d9fae5227fd,todo,,
y2024a-080,y2024a,2024年度精选策略1/80.【深度解析 一】经典小市值模型.txt,【深度解析 一】经典小市值模型,加百力,https://www.joinquant.com/post/44300,True,,stock,small_cap,"weekly,daily",,"valuation,index_members,limit_price,index_bars",214,382e32ecea8d,todo,,
y2024a-081,y2024a,2024年度精选策略1/81.方正证券-多因子选股系列研究之四：“球队硬币”.txt,方正证券-多因子选股系列研究之四：“球队硬币”,,,False,,stock,multi_factor,,,,566,b1f4735db7f0,todo,,
y2024a-082,y2024a,2024年度精选策略1/82.实盘模拟的小盘股策略，低频，带基本面优化以及个股风控.txt,实盘模拟的小盘股策略，低频，带基本面优化以及个股风控,强势投资,https://www.joinquant.com/post/42288,True,,stock,small_cap,daily,,"valuation,financials,index_members,industry,concept,limit_price,index_bars",426,f6397facbcce,todo,,
y2024a-083,y2024a,2024年度精选策略1/83.回测“一创模拟盘2号”，最终优化，年化39%.txt,回测“一创模拟盘2号”，最终优化，年化39%,P5张大猫,https://www.joinquant.com/post/40259,True,,"stock,etf",etf_rotation,daily,"14:55,after_close,before_open","jq_factors,minute_bars,index_bars",362,093282eca231,todo,,
y2024a-084,y2024a,2024年度精选策略1/84.【社区研究】连板龙头策略-wywy：复现与研究.txt,【社区研究】连板龙头策略-wywy：复现与研究,,,False,,stock,limit_board,,,"concept,northbound,limit_price",178,a69f94b9e2d3,todo,,
y2024a-085,y2024a,2024年度精选策略1/85.【深度解析 七】BBI指标-大盘涨跌-宽基轮动模型.txt,【深度解析 七】BBI指标-大盘涨跌-宽基轮动 模型,加百力,https://www.joinquant.com/post/44521,True,,"stock,etf",etf_rotation,"weekly,daily","11:15,14:45,9:15","minute_bars,index_bars",363,921cc7e8cc59,todo,,
y2024a-086,y2024a,2024年度精选策略1/86.根据连续亏损预判st股票.txt,根据连续亏损预判st股票,,,False,,stock,other,,,financials,163,fc7743b373d4,todo,,
y2024a-087,y2024a,2024年度精选策略1/87.山寨红利.txt,山寨红利,开心果,https://www.joinquant.com/post/45699,True,,"stock,etf",value_dividend,monthly,,"valuation,financials,dividend,limit_price",103,397609995523,todo,,
y2024a-088,y2024a,2024年度精选策略1/88.韶华研究之十六，指数增强.txt,韶华研究之十六，指数增强,韶华不负,https://www.joinquant.com/post/39897,False,,"stock,etf",etf_rotation,daily,"09:30,14:55,20:00,21:00,7:00","index_members,industry,index_bars",457,441ffdc4d0da,todo,,
y2024a-089,y2024a,2024年度精选策略1/89.【复现·水】市场情绪指标专题行业指数顶部和底部信号.txt,【复现·水】市场情绪指标专题行业指数顶部和底部信号,,,False,,stock,sector_rotation,,,,292,f41f457f69e7,todo,,
y2024a-009,y2024a,2024年度精选策略1/9.持仓95只大容量小市值，媲美金元顺安元启.txt,持仓95只大容量小市值，媲美金元顺安元启,开心果,https://www.joinquant.com/post/39814,True,,stock,small_cap,"monthly,daily","14:00,9:05,9:30","valuation,financials,limit_price,index_bars",95,7d93a9baa8e4,todo,,
y2024a-090,y2024a,2024年度精选策略1/90.【复现】凸显度因子.txt,【复现】凸显度因子,,,False,,stock,multi_factor,,,,521,7ad18e923eaf,todo,,
y2024a-091,y2024a,2024年度精选策略1/91.【复现】多任务时序动量策略.txt,【复现】多任务时序动量策略,,,False,,"stock,futures,option",futures,,,industry,221,b8a50bdda3ea,todo,,
y2024a-092,y2024a,2024年度精选策略1/92.【机器学习研究】动态多因子选股策略研究.txt,【机器学习研究】动态多因子选股策略研究,,,False,,stock,ml,,,"valuation,financials,index_members,index_bars",597,9f25ea6444c8,todo,,
y2024a-093,y2024a,2024年度精选策略1/93.【复现】国信投资者情绪指数择时模型.txt,【复现】国信投资者情绪指数择时模型,,,False,,option,index_timing,,,,311,662d76cfb47d,todo,,
y2024a-094,y2024a,2024年度精选策略1/94.大市值小市值今年的一些分析，然后尝试预测小市值行情.txt,大市值小市值今年的一些分析，然后尝试预测小市值行情,,,False,,stock,small_cap,,,"valuation,financials,index_members,jq_factors,index_bars",431,b223af85d0b2,todo,,
y2024a-095,y2024a,2024年度精选策略1/95.基金的最爱与最恶.txt,基金的最爱与最恶,,,False,,stock,etf_rotation,,,"valuation,financials,index_members",159,b9116ee8c902,todo,,
y2024a-096,y2024a,2024年度精选策略1/96.大盘预测器v1.1--引入世界数据.txt,大盘预测器v1.1--引入世界数据,,,False,,"stock,etf",etf_rotation,,,"jq_factors,index_bars",300,cee80e8eaa3e,todo,,
y2024a-097,y2024a,2024年度精选策略1/97.大周期顶底判断：FED指标+格雷厄姆指数一次搞定.txt,大周期顶底判断：FED指标+格雷厄姆指数一次搞定,,,False,,"stock,etf",etf_rotation,,,"valuation,index_members,industry,index_bars",246,2a5937ac10d5,todo,,
y2024a-098,y2024a,2024年度精选策略1/98.FScore9因子模型改进——RFScore7因子.txt,FScore9因子模型改进——RFScore7因子,,,False,,stock,multi_factor,,,"valuation,financials,index_members,industry,jq_factors,dividend,limit_price,index_bars",2263,f3edf033a5b0,todo,,
y2024a-099,y2024a,2024年度精选策略1/99.波动率交易的前言——期权定价.txt,波动率交易的前言——期权定价,,,False,,"stock,futures,option",futures,,,"ticks,minute_bars,index_bars",958,824126b72655,todo,,
y2024b-001,y2024b,2024年度精选策略2/1.一颗耀眼的星—【回顾2】小市值成长股策略更新—改.txt,一颗耀眼的星—【回顾2】小市值成长股策略更新—改,jqz1226,https://www.joinquant.com/post/39325,True,,stock,small_cap,"weekly,daily","14:00,9:05,9:30","valuation,financials,jq_factors,limit_price,index_bars",262,c96cde9d4e66,todo,,
y2024b-010,y2024b,2024年度精选策略2/10.龙头首阴战法改版二.txt,龙头首阴战法改版二,游资小码哥,https://www.joinquant.com/post/36382,True,,"stock,etf",limit_board,daily,"after_close,before_open,every_bar","ticks,minute_bars,limit_price,index_bars",403,39ac94947fdd,todo,,
y2024b-100,y2024b,2024年度精选策略2/100.【复现】金股组合增强—分析师推荐概率.txt,【复现】金股组合增强—分析师推荐概率,Hugo2046,https://www.joinquant.com/post/39135,True,,stock,other,"monthly,daily",10:30,index_bars,126,55b4a191313d,todo,,
y2024b-011,y2024b,2024年度精选策略2/11.缠论交易策略.txt,缠论交易策略,quancker,https://www.joinquant.com/post/35463,True,y2023-050,"stock,etf",etf_rotation,daily,every_bar,"minute_bars,index_bars",583,454651949b62,todo,,
y2024b-012,y2024b,2024年度精选策略2/12.全市场选股？7年5倍不择时，回撤30%左右.txt,全市场选股？7年5倍不择时，回撤30%左右,Jacobb75,https://www.joinquant.com/post/35307,True,y2023-099,"stock,etf",index_timing,"monthly,weekly","11:30,9:45","valuation,financials,limit_price,index_bars",271,d8a0ab093c89,todo,,
y2024b-013,y2024b,2024年度精选策略2/13.【涨停研究三】连板股票收益统计与回测.txt,【涨停研究三】连板股票收益统计与回测,,,False,,stock,limit_board,,,"valuation,limit_price",84,908bc4b7bfc7,todo,,
y2024b-014,y2024b,2024年度精选策略2/14.为实盘做的更新：分钟级别和盘中止损.txt,为实盘做的更新: 分钟级别和盘中止损,蚂蚁量化,https://www.joinquant.com/post/36805,True,,stock,small_cap,daily,,"valuation,minute_bars,limit_price,index_bars",337,d639352d8af0,todo,,
y2024b-015,y2024b,2024年度精选策略2/15.高股息低杠杆小市值轮动策略.txt,高股息低杠杆小市值轮动策略,wywy1995,https://www.joinquant.com/post/39774,True,y2024a-006,stock,small_cap,"weekly,daily","14:00,15:10,9:05,9:30","valuation,financials,jq_factors,minute_bars,dividend,limit_price,index_bars",299,172d9f3c4585,todo,,
y2024b-016,y2024b,2024年度精选策略2/16.ETF轮动策略升级-多类别-低回撤.txt,ETF轮动策略升级-多类别-低回撤,宋兵乙,https://www.joinquant.com/post/35959,True,,"stock,etf",etf_rotation,daily,"21:00,9:32",index_bars,310,5bbcf9ffeed9,todo,,
y2024b-017,y2024b,2024年度精选策略2/17.科技与狠活.txt,科技与狠活,wywy1995,https://www.joinquant.com/post/39961,True,y2024a-008,stock,small_cap,"weekly,daily","14:00,15:10,9:05,9:40","valuation,financials,jq_factors,minute_bars,limit_price,index_bars",275,0d9fae5227fd,todo,,
y2024b-018,y2024b,2024年度精选策略2/18.动量ETF轮动-RSRS择时-卡尔曼滤波.txt,动量ETF轮动-RSRS择时-卡尔曼滤波,莫急莫急,https://www.joinquant.com/post/35416,True,y2023-047,"stock,etf",etf_rotation,daily,"15:30,9:30,open",index_bars,190,3bfda3a9fe80,todo,,
y2024b-019,y2024b,2024年度精选策略2/19.【复现】高频价量相关性，意想不到的选股因子.txt,【复现】高频价量相关性，意想不到的选股因子,Hugo2046,https://www.joinquant.com/post/36016,True,y2023-095,stock,multi_factor,daily,10:30,"index_members,index_bars",122,24a5fc73eaf8,todo,,
y2024b-002,y2024b,2024年度精选策略2/2.ETF动量轮动RSRS择时-魔改3小优化.txt,ETF动量轮动RSRS择时-魔改3小优化,莫急莫急,https://www.joinquant.com/post/35279,True,y2023-007,"stock,etf",etf_rotation,daily,"15:30,9:30,open",index_bars,172,e853b55be636,todo,,
y2024b-020,y2024b,2024年度精选策略2/20.【复现】因子择时？？？.txt,【复现】因子择时？？？,Hugo2046,https://www.joinquant.com/post/37573,True,,stock,multi_factor,monthly,open,"jq_factors,macro,index_bars",418,9616f53e35ad,todo,,
y2024b-021,y2024b,2024年度精选策略2/21.行业ETF轮动+择时，15年至今年化收益35%，回撤16%.txt,行业ETF轮动+择时，15年至今年化收益35%，回撤16%,Jacobb75,https://www.joinquant.com/post/36544,True,,"stock,etf",etf_rotation,"weekly,daily","11:15,9:15","minute_bars,index_bars",301,44f4e5011ada,todo,,
y2024b-022,y2024b,2024年度精选策略2/22.菜场大妈选股法.txt,菜场大妈选股法,开心果,https://www.joinquant.com/post/40004,True,,stock,small_cap,"monthly,daily","14:00,9:05,9:30","valuation,financials,minute_bars,dividend,limit_price,index_bars",171,0c8b51bacbb1,todo,,
y2024b-023,y2024b,2024年度精选策略2/23.低价小盘简单有效.txt,低价小盘简单有效,wywy1995,https://www.joinquant.com/post/39788,True,y2024a-011,stock,small_cap,"weekly,daily","14:00,15:10,9:05,9:30","valuation,financials,jq_factors,minute_bars,limit_price,index_bars",219,0725ff574a71,todo,,
y2024b-024,y2024b,2024年度精选策略2/24.宽基ETF动量轮动钝化RSRS择时-回撤小.txt,宽基ETF动量轮动钝化RSRS择时-回撤小,DominicLiu,https://www.joinquant.com/post/37120,True,,"stock,etf",etf_rotation,daily,"11:20,14:50,8:00,open",index_bars,157,d555551d56c0,todo,,
y2024b-025,y2024b,2024年度精选策略2/25.年初至今4倍，极致的Day Trading，56.8%胜率.txt,年初至今4倍，极致的Day Trading，56.8%胜率,Dr.QYQ,https://www.joinquant.com/post/38940,True,,stock,index_timing,daily,"09:31,10:00,14:50,15:05","valuation,concept,minute_bars,limit_price,index_bars",610,c5a1c7d68652,todo,,
y2024b-026,y2024b,2024年度精选策略2/26.近几年一直有效的股票BOLL择时策略.txt,近几年一直有效的股票BOLL择时策略,勤奋的大海龟,https://www.joinquant.com/post/39510,True,,stock,index_timing,daily,"13:01,8:30,9:35","valuation,financials,index_members,jq_factors,minute_bars,limit_price,index_bars",278,be66fc1cb46d,todo,,
y2024b-027,y2024b,2024年度精选策略2/27.中证500指增+CTA，胜率52%盈亏比1.9。不输顶尖私募.txt,中证500指增+CTA，胜率52%盈亏比1.9。不输顶尖私募,Jacobb75,https://www.joinquant.com/post/37685,True,,"stock,futures",futures,"monthly,daily","10:00,10:15,10:30,10:45,11:00,11:15,11:25,13:00,13:15,13:30,13:45,14:00,14:15,14:30,14:45,9:00,9:30,9:45","valuation,financials,index_members,jq_factors,limit_price,index_bars",469,c661bea45022,todo,,
y2024b-028-0,y2024b,2024年度精选策略2/28.【回顾2】小市值成长股策略更新FROEC-PB-CAP-HL.txt,【回顾2】小市值成长股策略更新FROEC-PB-CAP-HL,,,True,,stock,small_cap,"weekly,daily","14:00,15:10,9:05,9:30","valuation,financials,industry,jq_factors,minute_bars,limit_price,index_bars",277,8883a4f8fdca,todo,,
y2024b-028-1,y2024b,2024年度精选策略2/28.【回顾2】小市值成长股策略更新SG-MS-PEG-HL.txt,【回顾2】小市值成长股策略更新SG-MS-PEG-HL,,,True,,stock,small_cap,"weekly,daily","14:00,15:10,9:05,9:30","valuation,financials,jq_factors,minute_bars,limit_price,index_bars",291,f625c7ce7937,todo,,
y2024b-029,y2024b,2024年度精选策略2/29.【策略.行业轮动】趋势-拥挤-景气度模型看行业轮动.txt,【策略.行业轮动】趋势-拥挤-景气度模型看行业轮动,,,False,,stock,sector_rotation,,,"valuation,financials,industry",337,64dc5c28c799,todo,,
y2024b-003,y2024b,2024年度精选策略2/3.截止到21年12月依然有效的小市值适配因子.txt,截止到21年12月依然有效的小市值适配因子,wywy1995,https://www.joinquant.com/post/35690,True,y2023-021,stock,small_cap,"weekly,daily","15:10,9:15,9:30","valuation,financials,jq_factors,minute_bars,limit_price,index_bars",198,6ed91e4a9c90,todo,,
y2024b-030,y2024b,2024年度精选策略2/30.【超跌反弹v1.0】3年2.3倍的超跌反弹小牛股.txt,【超跌反弹v1.0】3年2.3倍的超跌反弹小牛股,_查尔斯葱_,https://www.joinquant.com/post/35377,True,y2023-092,stock,value_dividend,daily,"14:55,9:30,after_close,before_open","valuation,financials,index_members,index_bars",218,58b6e72c506f,todo,,
y2024b-031,y2024b,2024年度精选策略2/31.《趋势永存》持续16年跑赢大盘的真正靠谱策略.txt,《趋势永存》持续16年跑赢大盘的真正靠谱策略,Ahfu,https://www.joinquant.com/post/36489,True,,stock,index_timing,weekly,"9:32,9:35","index_members,index_bars",150,2269ac1c706a,todo,,
y2024b-032,y2024b,"2024年度精选策略2/32.追高概率涨停策略, 2022年化350%.txt","追高概率涨停策略, 2022年化350%",养家大哥,https://www.joinquant.com/post/39553,True,,"stock,etf",limit_board,"weekly,daily","09:26,09:30,14:00,7:00,after_close","valuation,financials,ticks,minute_bars,limit_price,index_bars",296,85182e7dd841,todo,,
y2024b-033,y2024b,2024年度精选策略2/33.胜率88.9%之君正集团策略-大阳分歧反包.txt,胜率88.9%之君正集团策略-大阳分歧反包,游资小码哥,https://www.joinquant.com/post/36885,True,,"stock,etf",etf_rotation,daily,"after_close,before_open,every_bar","ticks,minute_bars,limit_price,index_bars",190,a331c54cde12,todo,,
y2024b-034,y2024b,2024年度精选策略2/34.【回撤二波2.0】透过一次过拟合的机器学习摸底策略的收益上限.txt,【回撤二波2.0】透过一次过拟合的机器学习摸底策略的收益上限,_查尔斯葱_,https://www.joinquant.com/post/35253,True,,"stock,etf",ml,daily,"09:30,14:00,after_close,before_open,every_bar","minute_bars,limit_price,index_bars",282,8507094ce146,todo,,
y2024b-035,y2024b,2024年度精选策略2/35.自适应量化终极算法2.0 （全新升级).txt,自适应量化终极算法2.0 （全新升级）,JinnyKoo,https://www.joinquant.com/post/38623,True,,stock,ml,daily,9:45,"valuation,industry,limit_price,index_bars",315,37fa7f251f74,todo,,
y2024b-036,y2024b,2024年度精选策略2/36.致敬市场(6) ，指数期货贴水.txt,致敬市场(6)--指数期货贴水,Gyro,https://www.joinquant.com/post/38555,True,,"stock,futures",futures,daily,"14:30,9:45","minute_bars,index_bars",67,57d529dce6eb,todo,,
y2024b-037,y2024b,2024年度精选策略2/37.三阳三阴战法.txt,三阳三阴战法,游资小码哥,https://www.joinquant.com/post/37593,True,,"stock,etf",etf_rotation,daily,"after_close,before_open,every_bar","ticks,minute_bars,limit_price,index_bars",372,613bd63d6835,todo,,
y2024b-038,y2024b,2024年度精选策略2/38.ETF动量轮动RSRS择时-魔改3-北向资金择时-再优化.txt,ETF动量轮动RSRS择时-魔改3-北向资金择时-再优化,nixun,https://www.joinquant.com/post/35394,True,,"stock,etf",etf_rotation,daily,"15:30,9:30,open","financials,northbound,index_bars",215,8350192d07fa,todo,,
y2024b-039,y2024b,2024年度精选策略2/39.绩优小市值量化君也-模拟交易年化333.75%.txt,绩优小市值量化君也-模拟交易年化333.75%,攀登者,https://www.joinquant.com/post/38791,True,,stock,small_cap,weekly,9:30,"valuation,jq_factors,minute_bars,limit_price,index_bars",152,d64001e05ac0,todo,,
y2024b-004,y2024b,2024年度精选策略2/4.集合竞价摸奖策略1.0-致敬2022.txt,集合竞价摸奖策略1.0-致敬2022,矢南,https://www.joinquant.com/post/36149,True,y2023-043,stock,limit_board,daily,"09:25,14:55,after_close,before_open,every_bar,open","valuation,financials,ticks,minute_bars,limit_price,index_bars",312,6d201e70dee9,todo,,
y2024b-040,y2024b,2024年度精选策略2/40.RSI学习贴.txt,RSI学习贴,蚂蚁量化,https://www.joinquant.com/post/35994,True,,stock,index_timing,daily,"14:30,9:30","limit_price,index_bars",159,5674dbc6d55f,todo,,
y2024b-041,y2024b,2024年度精选策略2/41.手把手教你“机器学习-动态多因子选股”(附保姆级教程).txt,手把手教你“机器学习-动态多因子选股”(附保姆级教程),量客攻城狮,https://www.joinquant.com/post/38299,True,,"stock,etf",ml,daily,"after_close,before_open,open","valuation,financials,index_members,index_bars",379,c4f71186410c,todo,,
y2024b-042,y2024b,2024年度精选策略2/42.实盘出现的问题和解决办法.txt,实盘出现的问题和解决办法,蚂蚁量化,https://www.joinquant.com/post/39545,True,,stock,small_cap,daily,,"valuation,minute_bars,limit_price,index_bars",332,43a7358cc6c3,todo,,
y2024b-043,y2024b,2024年度精选策略2/43.ETF动量因子评估.txt,ETF动量因子评估,,,False,,"stock,etf",etf_rotation,,,macro,264,803d0afa6786,todo,,
y2024b-044,y2024b,2024年度精选策略2/44.！！！最易上手的网格策略v2.0，设置几个参数就可以直接使用.txt,！！！最易上手的网格策略v2.0，设置几个参数就可以直接使用,xfera16,https://www.joinquant.com/post/36074,True,,"stock,etf",grid,"daily,bar",,"minute_bars,index_bars",246,2e578f7c150c,todo,,
y2024b-045,y2024b,2024年度精选策略2/45.真真正正的诚意之作-2021超十倍.txt,真真正正的诚意之作-2021超十倍,Bobby1129,https://www.joinquant.com/post/37233,True,,"stock,etf",etf_rotation,daily,"14:55,9:32,9:50,before_open","minute_bars,limit_price,index_bars",225,6e33000c425c,todo,,
y2024b-046,y2024b,2024年度精选策略2/46.韶华研究之十二--还算可以的竞价研究.txt,韶华研究之十二--还算可以的竞价研究,韶华不负,https://www.joinquant.com/post/36331,True,,"stock,etf",limit_board,daily,"09:27,09:30,14:55,20:00,21:00,7:00","valuation,index_members,call_auction,limit_price,index_bars",442,bad823f9b5af,todo,,
y2024b-047,y2024b,2024年度精选策略2/47.别人恐惧我贪婪——重视大盘择时.txt,别人恐惧我贪婪——重视大盘择时,潜水的白鱼,https://www.joinquant.com/post/37067,True,,stock,index_timing,daily,"14:55,9:31","valuation,index_members,index_bars",140,0f7df0722cd8,todo,,
y2024b-048,y2024b,2024年度精选策略2/48.一种宏观数据的中长线策略，年化15%，最大回撤9%.txt,一种宏观数据的中长线策略，年化15%，最大回撤9%,Acne Studio,https://www.joinquant.com/post/40154,True,y2024a-021,"stock,etf",etf_rotation,daily,14:55,"minute_bars,macro,index_bars",286,5d55e30ef811,todo,,
y2024b-049,y2024b,2024年度精选策略2/49.修改成一创版本.txt,修改成一创版本,keep_silent,https://www.joinquant.com/post/40159,True,,stock,small_cap,daily,"14:00,14:53,15:10,9:05","valuation,financials,industry,jq_factors,minute_bars,limit_price,index_bars",423,d47c5c14be0b,todo,,
y2024b-005,y2024b,2024年度精选策略2/5.随机森林策略，低换手率，年化近50%.txt,随机森林策略，低换手率，年化近50%,寒芳,https://www.joinquant.com/post/35566,True,y2023-038,stock,ml,daily,"before_open,open",index_bars,90,331d507fb811,todo,,
y2024b-050,y2024b,2024年度精选策略2/50.ETF动量轮动RSRS择时-V2.1.txt,ETF动量轮动RSRS择时-V2.1,Deemoo,https://www.joinquant.com/post/37516,True,,"stock,etf",etf_rotation,daily,"15:30,9:30,open","financials,minute_bars,index_bars",238,5dd5e67057be,todo,,
y2024b-051,y2024b,2024年度精选策略2/51.行业反转效应（年化32%回撤8%).txt,行业反转效应（年化32%/回撤8%）,silent storm,https://www.joinquant.com/post/36494,True,,"stock,etf",sector_rotation,"monthly,daily",9:30,"valuation,financials,industry,index_bars",279,04bd229f5c03,todo,,
y2024b-052,y2024b,2024年度精选策略2/52.市场宽度——简洁版.txt,市场宽度——简洁版,,,False,,stock,grid,,,industry,187,99d10bce41b0,todo,,
y2024b-053,y2024b,2024年度精选策略2/53.超跌网格交易大法V1.2：稳健跑赢大盘-年化13%回撤7%.txt,超跌网格交易大法V1.2：稳健跑赢大盘-年化13%回撤7%,wwr,https://www.joinquant.com/post/36039,True,,"stock,option,etf",grid,"monthly,daily,bar","10:00,10:30,11:00,13:00,14:00,14:50,9:00,9:05,9:35","valuation,financials,jq_factors,dividend,limit_price,index_bars",901,f57535920ae9,todo,,
y2024b-054,y2024b,2024年度精选策略2/54.sales_growth今年最优版.txt,sales_growth今年最优版,jycs,https://www.joinquant.com/post/38476,True,,stock,small_cap,"weekly,daily","09:30,15:10,15:30,9:15,9:31","valuation,financials,jq_factors,minute_bars,limit_price,index_bars",251,496cb07d01a5,todo,,
y2024b-055,y2024b,2024年度精选策略2/55.【复现】技术指标形态识别.txt,【复现】技术指标形态识别,,,False,,stock,other,,,"financials,industry,index_bars",541,8ea88ccc58a8,todo,,
y2024b-056,y2024b,2024年度精选策略2/56.一创PEG+EBIT+turnover_volatility.txt,一创PEG+EBIT+turnover_volatility,tianguong,https://www.joinquant.com/post/39698,True,,stock,value_dividend,weekly,9:30,"valuation,financials,minute_bars,limit_price,index_bars",244,634565d42471,todo,,
y2024b-057,y2024b,2024年度精选策略2/57.别人恐惧我贪婪3——年化20%的股债组合.txt,别人恐惧我贪婪3——年化20%的股债组合,潜水的白鱼,https://www.joinquant.com/post/37633,True,,"stock,etf",etf_rotation,daily,"14:55,9:31",index_bars,133,50b529f7a289,todo,,
y2024b-058,y2024b,2024年度精选策略2/58.ETF动量轮动RSRS与北上择时-股债平衡-盘中止损.txt,ETF动量轮动RSRS与北上择时-股债平衡-盘中止损,Jim000,https://www.joinquant.com/post/36162,True,,"stock,etf",etf_rotation,daily,"15:30,9:30,open","financials,minute_bars,index_bars",339,906132e25c4a,todo,,
y2024b-059,y2024b,2024年度精选策略2/59.年化62%的动量策略.txt,年化62%的动量策略,逸_,https://www.joinquant.com/post/39838,True,y2024a-049,stock,multi_factor,daily,"15:30,before_open,open","jq_factors,index_bars",143,31ede8b8c288,todo,,
y2024b-006,y2024b,2024年度精选策略2/6.PEG+成长+小市值+RSRS择时.txt,PEG+成长+小市值+RSRS择时,量化菜鸟鸟,https://www.joinquant.com/post/38233,True,,stock,small_cap,"weekly,daily","00:01,15:30,9:30,9:45","valuation,jq_factors,minute_bars,limit_price,index_bars",248,6dd6faed54b9,todo,,
y2024b-060,y2024b,2024年度精选策略2/60.ETF动量轮动RSRS择时-v2.txt,ETF动量轮动RSRS择时-v2,Deemoo,https://www.joinquant.com/post/37480,True,,"stock,etf",etf_rotation,daily,"15:30,9:30,open","financials,minute_bars,index_bars",250,7de6da9d4efc,todo,,
y2024b-061,y2024b,2024年度精选策略2/61.简单ETF策略，年化97%.txt,简单ETF策略，年化97%,奶牛哥,https://www.joinquant.com/post/36717,True,,"stock,etf",etf_rotation,daily,"10:00,2:00,3:00",,265,9e47ff904080,todo,,
y2024b-062,y2024b,2024年度精选策略2/62.【重构】C-VIX 中国版 VIX 编制手册.txt,【重构】C-VIX 中国版 VIX 编制手册,,,False,,"stock,option,etf",etf_rotation,,,index_bars,283,8e20ac786717,todo,,
y2024b-063,y2024b,2024年度精选策略2/63.生猪期货CTA策略.txt,生猪期货CTA策略,PokerTrader,https://www.joinquant.com/post/35604,True,,"stock,futures",futures,daily,"15:30,8:50,every_bar","limit_price,index_bars",491,eef12754fb9c,todo,,
y2024b-064,y2024b,2024年度精选策略2/64.ETF轮动策略升级-增加盘中止损.txt,ETF轮动策略升级-增加盘中止损,长鸿,https://www.joinquant.com/post/38838,True,,"stock,etf",etf_rotation,daily,"21:00,9:32","financials,minute_bars,index_bars",321,47f52dbc69dd,todo,,
y2024b-065,y2024b,2024年度精选策略2/65.神级策略：桥水全天候策略-7年最大回撤仅3.5%.txt,神级策略：桥水全天候策略-7年最大回撤仅3.5%,easy184,https://www.joinquant.com/post/37928,True,,"stock,etf",etf_rotation,daily,"after_close,before_open,open",index_bars,472,32340549346a,todo,,
y2024b-066,y2024b,2024年度精选策略2/66.ETF动量轮动MA乖离择时.txt,ETF动量轮动MA乖离择时,莫急莫急,https://www.joinquant.com/post/35235,True,,"stock,etf",etf_rotation,daily,"14:50,open",index_bars,126,a15036fa8a6a,todo,,
y2024b-067,y2024b,2024年度精选策略2/67.三因子策略年化21%简单多因子策略框架.txt,三因子策略_年化21%_简单多因子策略框架,lastlivingsoul,https://www.joinquant.com/post/37051,True,,"stock,etf",multi_factor,daily,"after_close,before_open,open","jq_factors,index_bars",136,53a46f09a3a8,todo,,
y2024b-068,y2024b,2024年度精选策略2/68.胜率78%，6年36倍，今年行情依然50%年化.txt,胜率78%，6年36倍，今年行情依然50%年化,何小爷,https://www.joinquant.com/post/38141,True,,stock,small_cap,weekly,09:30,"valuation,index_members,minute_bars,limit_price,index_bars",126,a84a09e95bb2,todo,,
y2024b-069,y2024b,2024年度精选策略2/69.场内基金定投价值平均增强策略，年化30%+.txt,场内基金定投价值平均增强策略，年化30%+,子匀,https://www.joinquant.com/post/39272,True,,"stock,etf",etf_rotation,"monthly,daily,bar","close,open,open+30m,open-30m","minute_bars,index_bars",329,8af59e10a1c1,todo,,
y2024b-007,y2024b,2024年度精选策略2/7.致敬经典作品——小兵哥《一致性风险度量》——极速版.txt,致敬经典作品——小兵哥《一致性风险度量》——极速版,jqz1226,https://www.joinquant.com/post/37611,True,y2024b-065,"stock,etf",etf_rotation,daily,"after_close,before_open,open",index_bars,468,80903d8634a4,todo,,
y2024b-070,y2024b,2024年度精选策略2/70.（股票交易模板）小市值-EPS-成长因子选股.txt,（股票交易模板）小市值-EPS-成长因子选股,大蠢驴小疯子,https://www.joinquant.com/post/36426,True,,stock,small_cap,weekly,"15:00,9:00,9:30","valuation,financials,jq_factors,limit_price,index_bars",180,043305b1c665,todo,,
y2024b-071,y2024b,2024年度精选策略2/71.期货日内策略三价均线结合ATR指标.txt,期货日内策略三价均线结合ATR指标,PokerTrader,https://www.joinquant.com/post/36328,True,,"stock,futures",futures,daily,"09:00,15:30,every_bar","minute_bars,limit_price,index_bars",252,0b4668dccaab,todo,,
y2024b-072,y2024b,2024年度精选策略2/72.随机森林 - 多因子模型.txt,随机森林 - 多因子模型,QUX_1369,https://www.joinquant.com/post/37161,True,,stock,ml,daily,open,"valuation,financials,index_members,industry,jq_factors,index_bars",404,e60d01389bab,todo,,
y2024b-073,y2024b,2024年度精选策略2/73.实现净利润跳空策略.txt,实现净利润跳空策略,金融界懒羊羊,https://www.joinquant.com/post/37724,True,,stock,other,daily,open,"valuation,financials,industry,index_bars",156,d22f0f6a5864,todo,,
y2024b-074,y2024b,2024年度精选策略2/74.【动量应用V1】12年120倍，根据研报思路调整.txt,【动量应用V1】12年120倍，根据研报思路调整,free,https://www.joinquant.com/post/38163,True,,stock,small_cap,"weekly,daily","15:10,9:15,9:30","valuation,financials,index_members,jq_factors,minute_bars,limit_price,index_bars",231,234ef6c3e555,todo,,
y2024b-075,y2024b,2024年度精选策略2/75.ETF轮动策略-入门2.0.txt,ETF轮动策略-入门2.0,vzhb1998,https://www.joinquant.com/post/38120,True,,"stock,etf",etf_rotation,daily,"15:30,8:50,open","financials,northbound,minute_bars,limit_price,index_bars",394,e7cb27fa4b75,todo,,
y2024b-076,y2024b,2024年度精选策略2/76.ETF-控制回撤性能拉满（国债ETF增强).txt,ETF-控制回撤性能拉满（国债ETF增强）,晒太阳的猫,https://www.joinquant.com/post/36060,True,,"stock,etf",etf_rotation,daily,"9:30,after_close,before_open",index_bars,157,4f41bed4afc7,todo,,
y2024b-077,y2024b,2024年度精选策略2/77.龙头弱转强战法.txt,龙头弱转强战法,oupian,https://www.joinquant.com/post/37189,True,,"stock,etf",limit_board,daily,"10:00,11:00,13:30,14:00,14:30,14:57,after_close,before_open,open","limit_price,index_bars",249,6d9d2f306860,todo,,
y2024b-078,y2024b,2024年度精选策略2/78.ffscore选股加rsrs择时.txt,ffscore选股加rsrs择时,美吉姆优秀毕业代表,https://www.joinquant.com/post/38552,True,,"stock,etf",index_timing,"monthly,daily","after_close,before_open,open","valuation,financials,index_members,industry,jq_factors,limit_price,index_bars",537,30c8c0f1ca0d,todo,,
y2024b-079,y2024b,2024年度精选策略2/79.实盘一周50%的妖股探测器.txt,实盘一周50%的妖股探测器,Dr.QYQ,https://www.joinquant.com/post/37894,True,,stock,index_timing,daily,"09:31,10:00,14:50,15:05","valuation,concept,minute_bars,limit_price,index_bars",481,c840bac85684,todo,,
y2024b-008,y2024b,2024年度精选策略2/8.14个月200%，超短线实盘交易策略！无未来函数.txt,14个月200%，超短线实盘交易策略！无未来函数,随波逐浪9,https://www.joinquant.com/post/36786,True,,stock,other,bar,,"money_flow,limit_price,index_bars",181,32eff6b4566c,todo,,
y2024b-080,y2024b,2024年度精选策略2/80.短线策略-2022年两个半月收益45%-无未来函数.txt,短线策略-2022年两个半月收益45%-无未来函数,zk001,https://www.joinquant.com/post/36975,True,,stock,other,bar,,"money_flow,limit_price,index_bars",296,780c0a0c8d22,todo,,
y2024b-081,y2024b,2024年度精选策略2/81.低PB小市值低换手策略总结.txt,低PB小市值低换手策略总结,QuantYY,https://www.joinquant.com/post/35317,True,,stock,small_cap,monthly,09:30,"valuation,limit_price,index_bars",103,867172830691,todo,,
y2024b-082,y2024b,2024年度精选策略2/82.可转债知识总结.txt,可转债知识总结,,,False,,conv_bond,conv_bond,,,"valuation,financials,industry",614,d5b780dc601a,todo,,
y2024b-083,y2024b,2024年度精选策略2/83.开盘幅度决定日内方向.txt,开盘幅度决定日内方向,ZWK123,https://www.joinquant.com/post/40118,True,,"stock,etf",etf_rotation,daily,"09:30:00,after_close,before_open",index_bars,74,4e1a8afa7de8,todo,,
y2024b-084,y2024b,2024年度精选策略2/84.多大规模的基金收益最好？偏股基金规模研究.txt,多大规模的基金收益最好？偏股基金规模研究,逆熵者,https://www.joinquant.com/post/37521,True,,stock,etf_rotation,monthly,open,"financials,index_bars",231,f53b4f99ec74,todo,,
y2024b-085,y2024b,2024年度精选策略2/85.价值策略重开，再次向Jqz1226致敬.txt,价值策略重开，再次向Jqz1226致敬,南开小楼,https://www.joinquant.com/post/36092,True,,"stock,etf",value_dividend,"monthly,weekly,daily","09:00,09:05,09:10,09:16,09:26,09:27,09:28,09:29,09:30,10:00,14:50,after_close","valuation,financials,index_members,billboard,limit_price,index_bars",886,188c031920d9,todo,,
y2024b-086,y2024b,2024年度精选策略2/86.可转债双低策略.txt,可转债双低策略,,,False,,conv_bond,conv_bond,,,industry,407,4d9c32ace0f6,todo,,
y2024b-087,y2024b,2024年度精选策略2/87.北上净买入策略.txt,北上净买入策略,daa,https://www.joinquant.com/post/35902,True,,stock,northbound,"monthly,weekly,daily",every_bar,"financials,minute_bars,limit_price,index_bars",142,1a47761ddc0c,todo,,
y2024b-088,y2024b,2024年度精选策略2/88.打首板策略，今年收益达到40%，绝无未来函数（必回）.txt,打首板策略，今年收益达到40%，绝无未来函数（必回）,Pengpengpeng,https://www.joinquant.com/post/36905,True,,"stock,etf",limit_board,daily,"9:28,every_bar","valuation,minute_bars,limit_price,index_bars",333,32ef56be1aa5,todo,,
y2024b-089,y2024b,2024年度精选策略2/89.年化收益55.7%， 超高胜率 0.799.txt,年化收益55.7%， 超高胜率 0.799！,Ethan.Liu,https://www.joinquant.com/post/37957,True,y2020-033,"stock,etf",etf_rotation,"daily,bar",,"valuation,financials,industry,minute_bars,dividend,limit_price,index_bars",1051,7177de46345e,todo,,
y2024b-009,y2024b,2024年度精选策略2/9.分享几个截止2022年3月仍有效的策略.txt,分享几个截止2022年3月仍有效的策略,,,True,,stock,small_cap,"monthly,weekly,daily","09:30,15:10,15:30,16:05,9:15,9:30","valuation,financials,index_members,jq_factors,minute_bars,limit_price,index_bars",686,ea4a5cd89319,todo,,
y2024b-090,y2024b,2024年度精选策略2/90.大师策略——柯林·麦克连成长价值优势投资法.txt,大师策略——柯林·麦克连成长价值优势投资法,BAFE,https://www.joinquant.com/post/35642,True,,"stock,etf",value_dividend,"monthly,daily","after_close,before_open","financials,index_bars",256,ac69d107b4d9,todo,,
y2024b-091,y2024b,2024年度精选策略2/91.【复现】特征分布建模择时.txt,【复现】特征分布建模择时,Hugo2046,https://www.joinquant.com/post/38332,True,,"stock,etf",index_timing,daily,,"billboard,index_bars",191,95039a7c5a6a,todo,,
y2024b-092,y2024b,2024年度精选策略2/92.利用myTT库整合通达信公式——以“飞鹰优选”选股公式为例.txt,利用myTT库整合通达信公式——以“飞鹰优选”选股公式为例,,,False,,stock,other,,,,79,c62ee46d17bd,todo,,
y2024b-093,y2024b,2024年度精选策略2/93.因子看板多因子模型---由量化课堂多因子模型修改.txt,因子看板多因子模型---由量化课堂多因子模型修改,游星,https://www.joinquant.com/post/35605,True,,stock,multi_factor,bar,,"valuation,index_members,jq_factors,index_bars",309,cd154d8d42bb,todo,,
y2024b-094,y2024b,"2024年度精选策略2/94.FoF, all in.txt","FoF, all in",,,False,,"stock,etf",other,,,"financials,jq_factors,index_bars",159,83fa41001965,todo,,
y2024b-095,y2024b,2024年度精选策略2/95.首席质量因子-Gross Profitabilit（简化版）.txt,首席质量因子-Gross Profitabilit（简化版）,养鸡小白,https://www.joinquant.com/post/37683,True,,"stock,etf",value_dividend,daily,"after_close,open","valuation,financials,index_members,dividend,limit_price,index_bars",145,025bba712594,todo,,
y2024b-096,y2024b,2024年度精选策略2/96.集合竞价量比策略V1.txt,集合竞价量比策略V1,欧阳1991,https://www.joinquant.com/post/38663,True,,"stock,etf",limit_board,daily,"14:45,9:26,9:27","valuation,index_members,industry,concept,ticks,limit_price,index_bars",200,ecb71043b4cf,todo,,
y2024b-097,y2024b,2024年度精选策略2/97.【涨停研究一】具有哪些因子的股票更容易涨停.txt,【涨停研究一】具有哪些因子的股票更容易涨停,,,True,,stock,limit_board,daily,"15:05,15:10,9:00,every_bar","valuation,minute_bars,limit_price,index_bars",564,9cd87e21efc5,todo,,
y2024b-098,y2024b,2024年度精选策略2/98.【漂亮50】“漂亮50”策略复现以及股息率排序函数.txt,【漂亮50】“漂亮50”策略复现以及股息率排序函数,山东大鹧鸪,https://www.joinquant.com/post/36018,True,y2023-048,stock,value_dividend,daily,"14:55,15:30,9:30","valuation,financials,index_members,industry,jq_factors,minute_bars,dividend,limit_price,index_bars",358,16f849a15c16,todo,,
y2024b-099,y2024b,2024年度精选策略2/99.计算每日全A市场个股创新高比例(改).txt,计算每日全A市场个股创新高比例(改),,,False,,stock,other,,,,44,4fa9607c4645,todo,,
y2025-010,y2025,聚宽2025年精选/10.10年52倍，年化59，全新因子方法超稳定.txt,10年52倍，年化59%，全新因子方法超稳定,小白F,https://www.joinquant.com/post/44699,True,y2024a-015,stock,multi_factor,"weekly,daily",,"valuation,financials,industry,jq_factors,minute_bars,limit_price,index_bars",285,0343d0d4acd8,todo,,
y2025-100,y2025,聚宽2025年精选/100使用K-means 聚类对基金分类.py,使用K-means 聚类对基金分类,,,False,,"stock,etf",etf_rotation,,,,127,b09270e1bd2b,todo,,
y2025-011,y2025,聚宽2025年精选/11低风险中等收益策略.txt,低风险中等收益策略,Gyro^.^,https://www.joinquant.com/post/48789,True,,"stock,etf",etf_rotation,daily,,"valuation,financials,index_members",129,b4296eeacfa9,todo,,
y2025-012,y2025,聚宽2025年精选/12用子账户模拟多策略分仓.txt,用子账户模拟多策略分仓,赌神Buffett,https://www.joinquant.com/post/47344,True,,"stock,etf",etf_rotation,"monthly,weekly,daily","10:30,14:00,14:50,15:01,7:30,7:40,9:30,9:35","valuation,financials,jq_factors,minute_bars,dividend,limit_price,index_bars",738,a6d4bfb27f32,todo,,
y2025-013,y2025,聚宽2025年精选/13首板高开-低开-弱转强混合策略（今年收益1138.61）.txt,首板高开-低开-弱转强混合策略（今年收益1138.61%）,天山灵兔,https://www.joinquant.com/post/49499,True,,stock,limit_board,daily,"11:25,14:50","valuation,jq_factors,call_auction,limit_price,index_bars",257,cc5a5110dcae,todo,,
y2025-014,y2025,聚宽2025年精选/14安全摸狗策略.txt,安全摸狗策略,MarioC,https://www.joinquant.com/post/49263,True,,"stock,etf",etf_rotation,daily,,index_bars,90,8ffe96d2d9b4,todo,,
y2025-015,y2025,聚宽2025年精选/15小市值排除3个bug版，22年至今收益506.txt,小市值排除3个bug版，22年至今收益506%回撤11%,1616,https://www.joinquant.com/post/47933,True,,"stock,etf",small_cap,"weekly,daily","10:00,14:00,15:10","valuation,financials,index_members,jq_factors,minute_bars,limit_price,index_bars",374,1e32cb58d389,todo,,
y2025-016,y2025,聚宽2025年精选/16集合竞价三合一，今年收益1067.txt,集合竞价三合一，今年收益1067%，年化198%,jevon y,https://www.joinquant.com/post/49474,True,,stock,limit_board,daily,"11:25,14:50","valuation,jq_factors,call_auction,limit_price,index_bars",473,d8d2e920b82c,todo,,
y2025-017,y2025,聚宽2025年精选/17多品种ETF动量轮动+EPO优化.txt,多品种ETF动量轮动+EPO优化,openhe,https://www.joinquant.com/post/47208,True,,"stock,etf",etf_rotation,"monthly,daily",,"jq_factors,index_bars",148,ac55a9e0dfcb,todo,,
y2025-018,y2025,聚宽2025年精选/18国庆节献礼：实例说明白马股攻防转换策略.txt,国庆节献礼：实例说明白马股攻防转换策略,蚂蚁量化,https://www.joinquant.com/post/50043,True,,stock,value_dividend,"monthly,daily","5:00,9:45,after_close","valuation,financials,index_members,limit_price,index_bars",224,dc7d7bcb3e23,todo,,
y2025-019,y2025,聚宽2025年精选/19机器学习线性回归小市值.txt,机器学习线性回归小市值,MarioC,https://www.joinquant.com/post/48426,True,,stock,ml,"weekly,daily",,"valuation,financials,jq_factors,minute_bars,limit_price,index_bars",299,3f9802de10a9,todo,,
y2025-001,y2025,聚宽2025年精选/1首板低开策略.txt,首板低开策略,wywy1995,https://www.joinquant.com/post/44901,True,y2024a-004,stock,limit_board,daily,,"jq_factors,limit_price",220,953a46add178,todo,,
y2025-020,y2025,聚宽2025年精选/20小盘股动态调仓，100只10年17倍.py,小盘股动态调仓，100只10年17倍,,,False,,"stock,etf",small_cap,,,,61,17f506f096d4,todo,,
y2025-021,y2025,聚宽2025年精选/21【原创】年化123涨停弱转强竞价战法.txt,【原创】年化123%最大回撤14%涨停弱转强竞价战法,漩涡蓝蛙,https://www.joinquant.com/post/48357,True,,stock,limit_board,daily,,"valuation,jq_factors,call_auction,limit_price,index_bars",343,67eb01b0dacc,todo,,
y2025-022,y2025,聚宽2025年精选/22带上止损的核心资产轮动才更安心，低回撤，高收益率.txt,带上止损的核心资产轮动才更安心，低回撤，高收益率,养家大哥,https://www.joinquant.com/post/47966,True,,"stock,etf",etf_rotation,daily,,index_bars,129,c16bb1d73b4d,todo,,
y2025-023,y2025,聚宽2025年精选/23大盘择时，逻辑简单.txt,大盘择时，逻辑简单,gjbdyrs,https://www.joinquant.com/post/47516,True,,"stock,etf",index_timing,"monthly,daily","14:00,9:05,9:30,9:35","valuation,financials,jq_factors,minute_bars,limit_price,index_bars",254,af9587ef944b,todo,,
y2025-024,y2025,聚宽2025年精选/24大容量低回撤价值投资-排除小市值因子.txt,大容量低回撤价值投资-排除小市值因子,Ahfu,https://www.joinquant.com/post/47566,True,,stock,small_cap,"monthly,daily","14:00,15:10,9:05,9:30","valuation,jq_factors,minute_bars,limit_price,index_bars",171,ce1d09234a55,todo,,
y2025-025,y2025,聚宽2025年精选/25冷饭热吃之三，14年至今年华99.99.txt,冷饭热吃之三，14年至今年华99.99%,韶华不负,https://www.joinquant.com/post/47527,True,,stock,limit_board,"weekly,daily","10:00,14:30,15:10","valuation,financials,index_members,jq_factors,minute_bars,limit_price,index_bars",381,9cdc82190213,todo,,
y2025-026,y2025,聚宽2025年精选/26波动率过滤后相关性最小etf轮动.txt,波动率过滤后相关性最小etf轮动,开心果,https://www.joinquant.com/post/49615,True,,"stock,etf",etf_rotation,daily,,index_bars,67,bb629ecfcfe8,todo,,
y2025-027,y2025,聚宽2025年精选/27人工智能强化学习DQN交易智能体（回馈社区公开训练代码）.txt,人工智能强化学习DQN交易智能体（回馈社区公开训练代码）,MarioC,https://www.joinquant.com/post/44758,True,y2024a-041,stock,ml,"weekly,daily",,jq_factors,138,bf4f31552297,todo,,
y2025-028,y2025,聚宽2025年精选/28韶华研究之十九，一致性用在微盘控制回撤.txt,韶华研究之十九，一致性用在微盘控制回撤,韶华不负,https://www.joinquant.com/post/47349,False,,stock,small_cap,"weekly,daily","14:00,14:45,15:10,6:00,9:30","valuation,financials,index_members,jq_factors,money_flow,minute_bars,limit_price,index_bars",432,3ced2416138c,todo,,
y2025-029,y2025,聚宽2025年精选/29穿越牛熊2.0(非小市值)年化50%的cta策略.txt,穿越牛熊2.0(非小市值):年化50%的cta策略,wsd518,https://www.joinquant.com/post/47771,True,,futures,small_cap,"monthly,daily","9:01,9:02",,114,9ca0a893c323,todo,,
y2025-002,y2025,聚宽2025年精选/2连板龙头策略.txt,连板龙头策略,wywy1995,https://www.joinquant.com/post/44926,True,y2024a-007,stock,limit_board,daily,,"valuation,concept,jq_factors,northbound,limit_price",400,36d9ab13955f,todo,,
y2025-030,y2025,聚宽2025年精选/30错杀反弹，掌握人性规律，开启投资新纪元.txt,错杀反弹，掌握人性规律，开启投资新纪元,养家大哥,https://www.joinquant.com/post/47792,True,,stock,small_cap,"weekly,daily","10:40,14:00,9:15,9:16","valuation,index_members,jq_factors,minute_bars,limit_price,index_bars",332,97f6f637abfe,todo,,
y2025-031,y2025,聚宽2025年精选/31蛇皮走位小市值策略V1.0.txt,蛇皮走位小市值策略V1.0,MarioC,https://www.joinquant.com/post/48284,True,,stock,small_cap,daily,"14:00,14:30,9:05","valuation,financials,index_members,minute_bars,limit_price,index_bars",190,bc5292f02ddb,todo,,
y2025-032,y2025,聚宽2025年精选/32EPO优化低相关etf组合.txt,EPO优化低相关etf组合,开心果,https://www.joinquant.com/post/50253,True,,"stock,etf",etf_rotation,monthly,,index_bars,78,64074440cb79,todo,,
y2025-033,y2025,聚宽2025年精选/33回馈社区顺便搞积分《一个完整的机器学习pipeline》.txt,回馈社区顺便搞积分《一个完整的机器学习pipeline》,MarioC,https://www.joinquant.com/post/47395,True,,stock,ml,"monthly,daily",,"valuation,industry,jq_factors,minute_bars,limit_price,index_bars",314,e69c0e2b0d49,todo,,
y2025-034,y2025,聚宽2025年精选/34十年回测 年化103.32% 最大回撤23.89%.txt,十年回测  年化103.32%  最大回撤23.89%,jason_99,https://www.joinquant.com/post/47523,True,,stock,limit_board,"weekly,daily","10:30,14:00,14:30,15:30","valuation,index_members,jq_factors,minute_bars,limit_price,index_bars",325,9d0901186382,todo,,
y2025-035,y2025,"聚宽2025年精选/35【菜场大妈】股息率小市值策略,10年206倍,5年10.8倍.txt","【菜场大妈】股息率小市值策略,10年206倍,5年10.8倍",120022,https://www.joinquant.com/post/45261,True,y2024a-036,stock,small_cap,"monthly,daily","14:00,14:55,9:05,9:30,after_close","valuation,financials,minute_bars,dividend,limit_price,index_bars",286,10bc142e232e,todo,,
y2025-036,y2025,聚宽2025年精选/36快过年了。不想呆在小市值的，可以拿这个策略躲一躲.txt,快过年了。不想呆在小市值的，可以拿这个策略躲一躲,MarioC,https://www.joinquant.com/post/49995,True,,"stock,etf",small_cap,daily,"11:27,15:10,7:00,9:30,9:35,open","financials,minute_bars,index_bars",312,d04b32513f71,todo,,
y2025-037,y2025,聚宽2025年精选/37微盘股扩散指数双均线择时.txt,微盘股扩散指数双均线择时,无逻辑的光,https://www.joinquant.com/post/47407,True,,stock,small_cap,daily,,"valuation,financials,index_members,jq_factors,minute_bars,limit_price,index_bars",335,f821d095edd2,todo,,
y2025-038,y2025,聚宽2025年精选/38ETF策略之核心资产轮动（线性增加权重）.txt,ETF策略之核心资产轮动（线性增加权重）,MarioC,https://www.joinquant.com/post/47888,True,y2025-014,"stock,etf",etf_rotation,daily,,index_bars,87,4d00a6e469c5,todo,,
y2025-039,y2025,聚宽2025年精选/39干积分-大小盘反复横跳V2.0.txt,干积分-大小盘反复横跳V2.0,MarioC,https://www.joinquant.com/post/47337,True,,stock,small_cap,"monthly,weekly,daily",,"valuation,financials,index_members,jq_factors,minute_bars,limit_price,index_bars",310,e4c5a76bc787,todo,,
y2025-003,y2025,聚宽2025年精选/3、5年15倍的收益，年化79.93，可实盘，拿走不谢！.txt,5年15倍的收益，年化79.93%，可实盘，拿走不谢！,langcheng999,https://www.joinquant.com/post/45510,True,y2024a-013,stock,small_cap,"monthly,daily","14:00,14:55,9:05,9:30,after_close","valuation,financials,jq_factors,minute_bars,dividend,limit_price,index_bars",393,99ded26ab7e3,todo,,
y2025-040,y2025,聚宽2025年精选/40高股息策略.txt,高股息策略,雨汪,https://www.joinquant.com/post/50715,True,,stock,value_dividend,"weekly,daily","09:30,14:00,9:05","valuation,financials,industry,minute_bars,dividend,limit_price,index_bars",207,db94d586057d,todo,,
y2025-041,y2025,聚宽2025年精选/41SVR机器学习上证综指择时中小板财务选股策略.txt,SVR机器学习上证综指择时中小板财务选股策略,快乐一生,https://www.joinquant.com/post/45845,True,y2024a-066,stock,ml,daily,"9:00,9:30","valuation,financials,index_members,industry,index_bars",316,8201a4d68e98,todo,,
y2025-042,y2025,聚宽2025年精选/42国九条：三年分红5千万以下且占净利润30以下将被ST.txt,国九条：三年分红5千万以下且占净利润30%以下将被ST,Clarence.罗,https://www.joinquant.com/post/47624,True,,stock,limit_board,"weekly,daily","10:30,14:00,14:30,15:30","valuation,financials,index_members,jq_factors,minute_bars,dividend,limit_price,index_bars",472,64275cb977a0,todo,,
y2025-043,y2025,聚宽2025年精选/43小市值再优化【年化98 回撤27】无未来函数.txt,小市值再优化【年化98%|胜率69%|回撤27%】无未来函数,zycash,https://www.joinquant.com/post/47562,True,,"stock,etf",small_cap,"weekly,daily","10:00,14:00,15:10","valuation,index_members,jq_factors,minute_bars,limit_price,index_bars",282,589ae09ec68a,todo,,
y2025-044,y2025,聚宽2025年精选/44国九条 年化130.74% 回撤11% 众神Debug版.txt,国九条 年化130.74% 回撤11%  众神Debug版,热情的刀,https://www.joinquant.com/post/47953,True,,"stock,etf",etf_rotation,"weekly,daily","10:00,14:00,15:10","valuation,financials,index_members,jq_factors,minute_bars,dividend,limit_price,index_bars",420,6acc20730770,todo,,
y2025-045,y2025,聚宽2025年精选/45此消彼长.txt,此消彼长,明曦,https://www.joinquant.com/post/47330,True,,stock,limit_board,"monthly,daily","14:00,15:10,9:05","valuation,financials,jq_factors,minute_bars,limit_price,index_bars",238,2c988d7207d4,todo,,
y2025-046,y2025,聚宽2025年精选/46高增股池小市值轮动.txt,高增股池小市值轮动,倚A听风雨,https://www.joinquant.com/post/45110,True,y2024a-029,stock,small_cap,"weekly,daily","09:25,09:30,14:40","valuation,financials,minute_bars,limit_price,index_bars",235,f7dc33b105dc,todo,,
y2025-047,y2025,聚宽2025年精选/47多策略整合大E小十年百倍（年化64）.txt,多策略整合_大E小_十年百倍（年化64%回撤28%）,komunling,https://www.joinquant.com/post/51000,True,,"stock,etf",etf_rotation,"monthly,weekly,daily","11:20,14:50,5:00,7:30,7:40,9:30,9:35","valuation,financials,index_members,minute_bars,limit_price,index_bars",698,161fa80bc407,todo,,
y2025-048,y2025,聚宽2025年精选/48投资回报率ROIC中等市值.txt,投资回报率ROIC中等市值,明曦,https://www.joinquant.com/post/45757,True,,stock,multi_factor,"monthly,daily",9:05,"valuation,financials,jq_factors,index_bars",148,42a85e42b8ec,todo,,
y2025-049,y2025,聚宽2025年精选/49干货贴《机器学习5折保形回归》 .py,干货贴《机器学习5折保形回归》 ,,,False,,stock,ml,,,"index_members,industry,jq_factors,index_bars",236,2ab5d6112ed5,todo,,
y2025-004,y2025,聚宽2025年精选/4高股息低市盈率高增长的价投策略.txt,高股息低市盈率高增长的价投策略,芹菜1303,https://www.joinquant.com/post/45552,True,y2024a-019,stock,value_dividend,bar,,"valuation,financials,minute_bars,dividend,limit_price,index_bars",203,9431a8e7d65d,todo,,
y2025-050,y2025,聚宽2025年精选/50分享一种K线小碎步后突破的分钟级打法.txt,分享一种K线小碎步后突破的分钟级打法,画家,https://www.joinquant.com/post/45425,True,y2024a-062,stock,index_timing,daily,"14:40,8:30,9:30,every_bar","valuation,financials,jq_factors,minute_bars,limit_price",561,3c2724114585,todo,,
y2025-051,y2025,聚宽2025年精选/51“四大搅屎棍策略”学习笔记-有魔改.txt,“四大搅屎棍策略”学习笔记-有魔改,口袋里的钥匙扣,https://www.joinquant.com/post/49277,True,,stock,limit_board,"weekly,daily",,"valuation,financials,index_members,industry,jq_factors,minute_bars,limit_price,index_bars",341,f19b9ab9f8ef,todo,,
y2025-052,y2025,聚宽2025年精选/52机器学习滚动训练价投策略.txt,机器学习滚动训练价投策略,MarioC,https://www.joinquant.com/post/47347,True,,stock,ml,"monthly,daily",,"valuation,financials,jq_factors,minute_bars,limit_price,index_bars",207,c980a2448a01,todo,,
y2025-053,y2025,"聚宽2025年精选/53TSmall-100, 微盘三正.txt","TSmall-100, 微盘三正",Gyro^.^,https://www.joinquant.com/post/50238,True,,stock,small_cap,daily,,"valuation,financials,index_members,limit_price",97,cedb2a126947,todo,,
y2025-054,y2025,聚宽2025年精选/54发一个学习策略5年70倍，思路可以学习.txt,发一个学习策略5年70倍，思路可以学习,xxzlw,https://www.joinquant.com/post/46977,True,,stock,small_cap,"weekly,daily","09:15,09:26,13:06,14:50,9:15,9:26,every_bar","valuation,minute_bars,limit_price,index_bars",197,778debe8a0b3,todo,,
y2025-055,y2025,聚宽2025年精选/55怎么让龟速变奔跑？以“首版突破一进二”为例.txt,怎么让龟速变奔跑？以“首版突破一进二”为例,jqz1226,https://www.joinquant.com/post/45733,True,y2024a-063,stock,limit_board,daily,"before_open,every_bar","valuation,minute_bars,limit_price,index_bars",189,9b28fd781369,todo,,
y2025-056,y2025,聚宽2025年精选/56基于趋势、拥挤、景气的行业轮动，及行业强势个股的选择.txt,基于趋势、拥挤、景气的行业轮动，及行业强势个股的选择,hayy,https://www.joinquant.com/post/47033,True,,stock,sector_rotation,"monthly,weekly,daily",open,"valuation,financials,jq_factors,northbound,index_bars",289,6cd568aef476,todo,,
y2025-057,y2025,聚宽2025年精选/57韶华研究之十八，201系列.txt,韶华研究之十八，201系列,韶华不负,https://www.joinquant.com/post/44907,False,,"stock,etf",etf_rotation,"daily,bar","09:26,09:30,10:30,13:30,14:55,20:00,21:00,7:00","valuation,index_members,jq_factors,money_flow,call_auction,minute_bars,limit_price,index_bars",487,7ddbc9716edc,todo,,
y2025-058,y2025,聚宽2025年精选/58Debug-输出信息-多标的版ETF策略(ETF复现之三）.txt,Debug-输出信息-多标的版ETF策略(ETF复现之三）,璐璐202006,https://www.joinquant.com/post/48875,True,,"stock,etf",etf_rotation,daily,,,159,e7ff4f030f95,todo,,
y2025-059,y2025,聚宽2025年精选/59追板策略，今年收益已翻倍，低操作低回撤高收益可实盘.txt,追板策略，今年收益已翻倍，低操作低回撤高收益可实盘,古月量化研究,https://www.joinquant.com/post/49749,True,,stock,limit_board,daily,,"valuation,jq_factors,call_auction,limit_price",440,0d789e0bd9fc,todo,,
y2025-005,y2025,聚宽2025年精选/5四大搅屎棍策略.txt,四大搅屎棍策略,MarioC,https://www.joinquant.com/post/49085,True,,stock,limit_board,"weekly,daily",,"valuation,financials,index_members,industry,jq_factors,minute_bars,limit_price,index_bars",274,e41baa222b88,todo,,
y2025-060,y2025,聚宽2025年精选/60高股息V1.0（小程序公开股池）.txt,高股息V1.0（小程序公开股池）,MarioC,https://www.joinquant.com/post/48151,True,,stock,value_dividend,"monthly,daily",,"valuation,financials,jq_factors,minute_bars,dividend,limit_price,index_bars",285,daaf73f27eee,todo,,
y2025-061,y2025,聚宽2025年精选/61BiLSTM for ETF.txt,BiLSTM for ETF,MarioC,https://www.joinquant.com/post/49226,True,,"stock,etf",etf_rotation,"weekly,daily",,"jq_factors,index_bars",153,d2ec23cd11a7,todo,,
y2025-062,y2025,聚宽2025年精选/62基金溢价（模拟效果好！）.txt,基金溢价（模拟效果好！）,大山深处,https://www.joinquant.com/post/45648,True,y2024a-076,"stock,etf",etf_rotation,daily,,index_bars,237,66a57814941f,todo,,
y2025-063,y2025,聚宽2025年精选/63.5年12倍-小市值.txt,5年12倍-小市值,道尘,https://www.joinquant.com/post/44880,True,y2024a-035,stock,small_cap,"weekly,daily","14:00,15:10,9:05,9:30","valuation,financials,industry,jq_factors,minute_bars,limit_price,index_bars",348,7fdd4ca47b68,todo,,
y2025-064,y2025,聚宽2025年精选/64大小外择时小市值3.0.txt,大小外择时小市值3.0,kautz,https://www.joinquant.com/post/50567,True,,"stock,etf",small_cap,"monthly,weekly,daily",,"valuation,financials,index_members,jq_factors,minute_bars,limit_price,index_bars",547,0733c340de7f,todo,,
y2025-065,y2025,聚宽2025年精选/65搭建量化交易模型从零开始——择时，选股，仓位管理和因子分析.txt,搭建量化交易模型从零开始——择时，选股，仓位管理和因子分析,Jacobb75,https://www.joinquant.com/post/49082,True,,stock,multi_factor,"weekly,daily","10:00,10:15,10:30,10:45,11:00,11:10,11:15,11:20,13:00,13:15,13:30,13:45,14:00,14:15,14:30,14:45,9:05,9:45","valuation,financials,jq_factors,minute_bars,limit_price,index_bars",487,7a0650aee747,todo,,
y2025-066,y2025,聚宽2025年精选/66手把手教你构建ETF策略候选池.py,手把手教你构建ETF策略候选池,,,False,,"stock,etf",etf_rotation,,,,212,68cdb63a4a93,todo,,
y2025-067,y2025,聚宽2025年精选/67大市值价投高股息爱国者策略（爱我中华）.txt,大市值价投高股息爱国者策略（爱我中华）,MarioC,https://www.joinquant.com/post/46122,True,,stock,value_dividend,"monthly,weekly,daily",,"valuation,financials,index_members,jq_factors,minute_bars,dividend,limit_price,index_bars",282,4822c6f09969,todo,,
y2025-068,y2025,聚宽2025年精选/68wywy1995 首板低开策略代码优化，提快速度.txt,wywy1995 首板低开策略代码优化，提快速度,养家大哥,https://www.joinquant.com/post/47978,True,,stock,limit_board,daily,,"jq_factors,minute_bars,limit_price",279,30bf2a422b5a,todo,,
y2025-069,y2025,聚宽2025年精选/69“稳定摸狗策略”学习笔记.txt,“稳定摸狗策略”学习笔记,口袋里的钥匙扣,https://www.joinquant.com/post/49290,True,y2025-014,"stock,etf",etf_rotation,daily,,index_bars,94,aa703d37a720,todo,,
y2025-006,y2025,聚宽2025年精选/6国九小市值策略【年化100.5】.txt,国九小市值策略【年化100.5%|回撤25.6%】,zycash,https://www.joinquant.com/post/47791,True,,"stock,etf",small_cap,"weekly,daily","10:00,14:00,15:10","valuation,financials,index_members,jq_factors,minute_bars,limit_price,index_bars",358,cee4acc64d65,todo,,
y2025-070,y2025,聚宽2025年精选/70动态保形回归小市值策略改进.txt,动态保形回归小市值策略改进,yanzigao,https://www.joinquant.com/post/48996,True,,stock,small_cap,"daily,bar",,"valuation,financials,index_members,jq_factors,minute_bars,dividend,limit_price,index_bars",1709,0956b4d3dfe3,todo,,
y2025-071,y2025,聚宽2025年精选/71（乱改一版）股票加“钱粮”ETF组合.txt,（乱改一版）股票加“钱粮”ETF组合,美吉姆优秀毕业代表,https://www.joinquant.com/post/46218,True,,"stock,etf",etf_rotation,"monthly,weekly,daily","14:55,15:01","valuation,financials,jq_factors,minute_bars,dividend,limit_price",572,15147b997b35,todo,,
y2025-072,y2025,聚宽2025年精选/72量化进阶学习笔记——打板策略.txt,量化进阶学习笔记——打板策略,HHH🌳,https://www.joinquant.com/post/47147,True,,stock,limit_board,daily,,"jq_factors,limit_price",282,57dc0b58f838,todo,,
y2025-073,y2025,聚宽2025年精选/73微盘400每日再平衡.txt,微盘400每日再平衡,开心果,https://www.joinquant.com/post/44853,True,y2024a-053,stock,small_cap,daily,,"valuation,financials,index_bars",64,daf43af3d722,todo,,
y2025-074,y2025,聚宽2025年精选/74趋势筛选后相关性最小etf轮动.txt,趋势筛选后相关性最小etf轮动,蚂蚁量化,https://www.joinquant.com/post/49507,True,,"stock,etf",etf_rotation,daily,,index_bars,149,f3b337a8b235,todo,,
y2025-075,y2025,聚宽2025年精选/75大市值价值投资优化一波.txt,大市值价值投资优化一波,七八十,https://www.joinquant.com/post/46876,True,,"stock,etf",value_dividend,"monthly,weekly,daily","14:00,14:50,9:00,9:05,9:30","valuation,financials,limit_price,index_bars",196,6401435e1967,todo,,
y2025-076,y2025,聚宽2025年精选/76小市值止损策略【年化104.11】.txt,小市值止损策略【年化104.11% 最大回撤30.65%】,天山灵兔,https://www.joinquant.com/post/47721,True,,"stock,etf",small_cap,"weekly,daily","10:30,14:00,14:30,15:30","valuation,index_members,jq_factors,limit_price,index_bars",294,d30988c7fa14,todo,,
y2025-077,y2025,聚宽2025年精选/77研报三因子II-新规高分红小市值-年化60回撤19.txt,研报三因子II-新规高分红小市值-年化60回撤19,xiaohui1108,https://www.joinquant.com/post/47618,True,,stock,small_cap,"weekly,daily",,"valuation,financials,jq_factors,minute_bars,dividend,limit_price,index_bars",236,5e3e86be6940,todo,,
y2025-078,y2025,聚宽2025年精选/78首板低开策略-终极版 最大回撤15%，年化50%.txt,首板低开策略-终极版  最大回撤15%，年化50%,蓝猫量化,https://www.joinquant.com/post/49434,True,,stock,limit_board,daily,,"jq_factors,limit_price,index_bars",396,317641ff8498,todo,,
y2025-079,y2025,聚宽2025年精选/79国九条-新的红利因子，修正「审计意见」函数.txt,国九条-新的红利因子，修正「审计意见」函数,LGQ_2025,https://www.joinquant.com/post/48747,True,,"stock,etf",value_dividend,"weekly,daily","10:00,14:00,15:10","valuation,financials,index_members,jq_factors,minute_bars,dividend,limit_price,index_bars",494,a33a5fff5872,todo,,
y2025-007,y2025,聚宽2025年精选/7追首板涨停 过去两年年化304%.txt,追首板涨停 过去两年年化304%,子匀,https://www.joinquant.com/post/48680,True,,stock,limit_board,daily,"11:28,14:50","valuation,jq_factors,call_auction,limit_price,index_bars",159,18dab475abf4,todo,,
y2025-080,y2025,聚宽2025年精选/80基本面01加RSI择时.txt,基本面01加RSI择时,明曦,https://www.joinquant.com/post/45358,True,,stock,index_timing,"monthly,daily","9:05,9:30","valuation,financials,index_bars",150,9c7636655e54,todo,,
y2025-081,y2025,聚宽2025年精选/81搞市场最靓的仔！指数ETF动量轮动策略-2.txt,搞市场最靓的仔！指数ETF动量轮动策略-2,野蛮生涨,https://www.joinquant.com/post/46429,True,,"stock,etf",etf_rotation,daily,"14:50,after_close,before_open",index_bars,139,8d1a703edbb5,todo,,
y2025-082,y2025,聚宽2025年精选/82回报社区——基于Gyro老师策略的思考.txt,回报社区——基于Gyro老师策略的思考,琼楼,https://www.joinquant.com/post/45654,True,,stock,other,bar,,"valuation,financials,index_members,index_bars",82,8b5f53497771,todo,,
y2025-083,y2025,聚宽2025年精选/83大小外择时小市值.txt,大小外择时小市值,aqa,https://www.joinquant.com/post/50470,True,,"stock,etf",small_cap,"monthly,weekly,daily",,"valuation,financials,index_members,jq_factors,minute_bars,limit_price,index_bars",483,09cccd9f0082,todo,,
y2025-084,y2025,聚宽2025年精选/84正黄旗大妈选股改进-加入涨停卖出后的买入，提高资金利用率.txt,正黄旗大妈选股改进-加入涨停卖出后的买入，提高资金利用率,jql123,https://www.joinquant.com/post/44743,True,,stock,limit_board,"monthly,daily","14:00,14:55,9:05,9:30","valuation,financials,minute_bars,dividend,limit_price,index_bars",231,32ddf1482762,todo,,
y2025-085,y2025,聚宽2025年精选/85稳健型ETF策略.txt,稳健型ETF策略,gjbdyrs,https://www.joinquant.com/post/48989,True,,"stock,etf",etf_rotation,monthly,,"minute_bars,index_bars",163,dcae7848a99b,todo,,
y2025-086,y2025,聚宽2025年精选/86手把手教你构建ETF策略候选池优化版.txt,手把手教你构建ETF策略候选池优化版,N365128,https://www.joinquant.com/post/49554,False,,"stock,etf",etf_rotation,,,,108,af583b792607,todo,,
y2025-087,y2025,聚宽2025年精选/87山寨红利.txt,山寨红利,开心果,https://www.joinquant.com/post/45699,True,y2024a-087,"stock,etf",value_dividend,monthly,,"valuation,financials,dividend,limit_price",103,397609995523,todo,,
y2025-088,y2025,聚宽2025年精选/88WY大神的“龙头打板”策略小改.txt,WY大神的“龙头打板”策略小改,苗老八,https://www.joinquant.com/post/46331,True,,stock,limit_board,daily,,"valuation,concept,jq_factors,northbound,limit_price",479,b630a964ff2e,todo,,
y2025-089,y2025,聚宽2025年精选/89基于Gyro.大神的小市值策略的因子匹配研究.txt,基于Gyro^.^大神的小市值策略的因子匹配研究,热情的刀,https://www.joinquant.com/post/45272,True,y2024a-059,stock,small_cap,daily,"9:35,after_close,before_open","valuation,financials,limit_price",170,224ac31588d5,todo,,
y2025-008,y2025,聚宽2025年精选/8国九条后中小板微盘小改，年化135.40.txt,国九条后中小板微盘小改，年化135.40%,子匀,https://www.joinquant.com/post/47946,True,,"stock,etf",small_cap,"weekly,daily","10:00,14:00,15:10","valuation,financials,index_members,jq_factors,minute_bars,limit_price,index_bars",326,b1231d178313,todo,,
y2025-090,y2025,聚宽2025年精选/90固收+.txt,固收+,开心果,https://www.joinquant.com/post/50559,True,,"stock,etf",etf_rotation,daily,,financials,46,8855383f94fa,todo,,
y2025-091,y2025,聚宽2025年精选/91ETF-T0动量策略，年化 18%，回撤3.31%.txt,ETF-T0动量策略，年化 18%，回撤3.31%,127.0.0.1,https://www.joinquant.com/post/47374,True,,"stock,etf",etf_rotation,daily,"14:59,15:05,9:30,before_open",,84,eecd6937c4a4,todo,,
y2025-092,y2025,聚宽2025年精选/92行业宽度轮动研究.txt,行业宽度轮动研究,MarioC,https://www.joinquant.com/post/49180,True,,stock,sector_rotation,"monthly,weekly,daily",,"valuation,financials,index_members,industry,jq_factors,minute_bars,limit_price,index_bars",264,966a637bf16e,todo,,
y2025-093,y2025,聚宽2025年精选/93.234板介入-2023年14倍-无未来.txt,234板介入-2023年14倍-无未来,Clarence.罗,https://www.joinquant.com/post/47559,True,,stock,limit_board,daily,,"valuation,financials,concept,jq_factors,northbound,limit_price",936,dadd640e2cd9,todo,,
y2025-094,y2025,聚宽2025年精选/94别人“拿的住”的股票最赚钱.txt,别人“拿的住”的股票最赚钱,hayy,https://www.joinquant.com/post/45273,True,,stock,other,"monthly,weekly",open,"index_members,jq_factors,minute_bars,index_bars",86,26ef47b6b3e6,todo,,
y2025-095,y2025,聚宽2025年精选/95学习贴《一个完整的-深度学习-神经网络pipeline》.txt,学习贴《一个完整的-深度学习-神经网络pipeline》,MarioC,https://www.joinquant.com/post/48096,True,,"stock,etf",ml,"monthly,weekly,daily",,"jq_factors,limit_price,index_bars",240,cb13a8f4beb4,todo,,
y2025-096,y2025,聚宽2025年精选/96首版+2版龙虎榜挖掘V2.0，年化1400.txt,首版+2版龙虎榜挖掘V2.0，年化1400,xxzlw,https://www.joinquant.com/post/46874,True,,stock,other,daily,"10:00,10:30,11:00,11:29,13:00,13:30,14:00,14:30,14:45,14:55,9:15,9:26,9:35","valuation,concept,billboard,minute_bars,limit_price,index_bars",281,ff8f0f57a646,todo,,
y2025-097,y2025,聚宽2025年精选/97趋势筛选后相关性最小etf轮动-加速10倍版.txt,趋势筛选后相关性最小etf轮动-加速10倍版,蚂蚁量化,https://www.joinquant.com/post/49537,True,y2025-074,"stock,etf",etf_rotation,"monthly,daily",,index_bars,154,0a2d130d4142,todo,,
y2025-098,y2025,聚宽2025年精选/98热点行业和热点概念-成分股-及龙一龙二龙三.py,热点行业和热点概念-成分股-及龙一龙二龙三,,,False,,"stock,conv_bond",sector_rotation,,,"industry,money_flow,northbound,limit_price",1960,8a3b32ae05a7,todo,,
y2025-099,y2025,聚宽2025年精选/99韶华研究之二十，竞价异动.txt,韶华研究之二十，竞价异动,韶华不负,https://www.joinquant.com/post/47897,False,,"stock,etf",limit_board,daily,"09:26,14:55,20:00,7:00,9:30","index_members,jq_factors,ticks,limit_price,index_bars",313,6443af05c24a,todo,,
y2025-009,y2025,聚宽2025年精选/9干积分-量化策略简易框架.txt,全天候轮动,MarioC,https://www.joinquant.com/post/48819,True,,"stock,etf",etf_rotation,"monthly,daily",,"valuation,financials,index_members,jq_factors,minute_bars,limit_price,index_bars",380,653afee185c6,todo,,
